cod_grupo;grupo;cod_proceso;proceso;cod_articulo;articulo;peso;cod_estandar;nombre_estandar;t_estandar
2;MANTENIMIENTO;1;MANTENIMIENTO;383;ABRAZADERA DALMINE EMPALME 48 MM;1;201383;MANTENIMIENTO_383;1,33332
2;MANTENIMIENTO;1;MANTENIMIENTO;385;ABRAZADERA DALMINE ORIENTABLE 48 MM;1,17;201385;MANTENIMIENTO_385;1,486486486
2;MANTENIMIENTO;1;MANTENIMIENTO;387;ABRAZADERA DALMINE ORTOGONAL 48 MM;1;201387;MANTENIMIENTO_387;1,33332
2;MANTENIMIENTO;1;MANTENIMIENTO;389;ABRAZADERA DALMINE ORTOGONAL 60 X 48 MM;2;201389;MANTENIMIENTO_389;1,33332
2;MANTENIMIENTO;1;MANTENIMIENTO;1699;ACOPLE AMD PESCANTE DE FIJACIÓN;1;2011699;MANTENIMIENTO_1699;1
2;MANTENIMIENTO;1;MANTENIMIENTO;2549;ACOPLE APUNTALAMIENTO FORMALETA METÁLICA (MENSULA-HALADOR);0,25;2012549;MANTENIMIENTO_2549;1
2;MANTENIMIENTO;1;MANTENIMIENTO;2520;ACOPLE APUNTALAMIENTO GRAN FORMATO;0,25;2012520;MANTENIMIENTO_2520;1
2;MANTENIMIENTO;1;MANTENIMIENTO;2562;ACOPLE COLGANTE - PLATAFORMA TIPO CAN;3,8;2012562;MANTENIMIENTO_2562;1,3
2;MANTENIMIENTO;1;MANTENIMIENTO;593;ACOPLE PARA BARANDA INTERNA;0;201593;MANTENIMIENTO_593;5,6
2;MANTENIMIENTO;1;MANTENIMIENTO;587;ACOPLE PLATAFORMA 85 CM;3,83;201587;MANTENIMIENTO_587;1
2;MANTENIMIENTO;1;MANTENIMIENTO;2529;ACOPLE PTS 100X100X500 MM (2 TORN  2 TUERCAS 4 ARAND);0;2012529;MANTENIMIENTO_2529;1,5
2;MANTENIMIENTO;1;MANTENIMIENTO;763;AJUSTES PARA FORMALETA ANDESCOL DE 25 X 1200;3;201763;MANTENIMIENTO_763;3,3333
2;MANTENIMIENTO;1;MANTENIMIENTO;764;AJUSTES PARA FORMALETA ANDESCOL DE 40 X 1200;3,5;201764;MANTENIMIENTO_764;3,3333
2;MANTENIMIENTO;1;MANTENIMIENTO;765;AJUSTES PARA FORMALETA ANDESCOL DE 60 X 1200;4;201765;MANTENIMIENTO_765;3,3333
2;MANTENIMIENTO;1;MANTENIMIENTO;766;AJUSTES PARA FORMALETA ANDESCOL DE 80 X 1200;5;201766;MANTENIMIENTO_766;3,3333
2;MANTENIMIENTO;1;MANTENIMIENTO;2498;AJUSTES PARA FORMALETA de 150 x 200 MM;0;2012498;MANTENIMIENTO_2498;3
2;MANTENIMIENTO;1;MANTENIMIENTO;2499;AJUSTES PARA FORMALETA de 200 x 300 MM;0;2012499;MANTENIMIENTO_2499;3
2;MANTENIMIENTO;1;MANTENIMIENTO;2500;AJUSTES PARA FORMALETA de 200 x 500 MM;0;2012500;MANTENIMIENTO_2500;3
2;MANTENIMIENTO;1;MANTENIMIENTO;1856;ALINEADOR GRAN FORMATO 1000 MM;7,1;2011856;MANTENIMIENTO_1856;2,25
2;MANTENIMIENTO;1;MANTENIMIENTO;2539;ALINEADOR GRAN FORMATO 1200 MM;8,52;2012539;MANTENIMIENTO_2539;2,5
2;MANTENIMIENTO;1;MANTENIMIENTO;2533;ALINEADOR GRAN FORMATO 1500 MM;10,65;2012533;MANTENIMIENTO_2533;2,5
2;MANTENIMIENTO;1;MANTENIMIENTO;1857;ALINEADOR GRAN FORMATO 2000 MM;17,75;2011857;MANTENIMIENTO_1857;2,5
2;MANTENIMIENTO;1;MANTENIMIENTO;1876;ALINEADOR GRAN FORMATO 2500 MM;5,31;2011876;MANTENIMIENTO_1876;2,5
2;MANTENIMIENTO;1;MANTENIMIENTO;1858;ALINEADOR GRAN FORMATO 3000 MM;21,3;2011858;MANTENIMIENTO_1858;3
2;MANTENIMIENTO;1;MANTENIMIENTO;2578;ALINEADOR GRAN FORMATO 3500 MM;24,85;2012578;MANTENIMIENTO_2578;3
2;MANTENIMIENTO;1;MANTENIMIENTO;1859;ALINEADOR GRAN FORMATO 4000 MM;28,4;2011859;MANTENIMIENTO_1859;4
2;MANTENIMIENTO;1;MANTENIMIENTO;2577;ALINEADOR GRAN FORMATO 600 MM;1,28;2012577;MANTENIMIENTO_2577;2
2;MANTENIMIENTO;1;MANTENIMIENTO;1869;ALINEADOR GRAN FORMATO 6000 MM;42,6;2011869;MANTENIMIENTO_1869;6
2;MANTENIMIENTO;1;MANTENIMIENTO;617;ALINEADOR METALICO DE 1000 MM;4,5;201617;MANTENIMIENTO_617;1,33332
2;MANTENIMIENTO;1;MANTENIMIENTO;619;ALINEADOR METALICO DE 1500 MM;6,75;201619;MANTENIMIENTO_619;4,607843137
2;MANTENIMIENTO;1;MANTENIMIENTO;620;ALINEADOR METALICO DE 2000 MM;9;201620;MANTENIMIENTO_620;5,61
2;MANTENIMIENTO;1;MANTENIMIENTO;623;ALINEADOR METALICO DE 2500 MM;11,25;201623;MANTENIMIENTO_623;6
2;MANTENIMIENTO;1;MANTENIMIENTO;624;ALINEADOR METALICO DE 3000 MM;13,5;201624;MANTENIMIENTO_624;8
2;MANTENIMIENTO;1;MANTENIMIENTO;625;ALINEADOR METALICO DE 3500 MM;15,75;201625;MANTENIMIENTO_625;8
2;MANTENIMIENTO;1;MANTENIMIENTO;628;ALINEADOR METALICO DE 4000 MM;18;201628;MANTENIMIENTO_628;1,875
2;MANTENIMIENTO;1;MANTENIMIENTO;630;ALINEADOR METALICO DE 5000 MM;22,5;201630;MANTENIMIENTO_630;8,5
2;MANTENIMIENTO;1;MANTENIMIENTO;633;ALINEADOR METALICO DE 6000 MM;27;201633;MANTENIMIENTO_633;8,5
2;MANTENIMIENTO;1;MANTENIMIENTO;616;ALINEADOR METALICO DE 850 MM;3,82;201616;MANTENIMIENTO_616;1,33332
2;MANTENIMIENTO;1;MANTENIMIENTO;2737;ANCLAJE DE CABLES COLGANTE CERTIFICADO Y ELECTRICO;1;2012737;MANTENIMIENTO_2737;3
2;MANTENIMIENTO;2;ENDEREZAR;308;ANDAMIO COLGANTE DE 100 M (2 GRILLETES);56;202308;ENDEREZAR_308;10
2;MANTENIMIENTO;3;ENSAMBLAR;308;ANDAMIO COLGANTE DE 100 M (2 GRILLETES);56;203308;ENSAMBLAR_308;6
2;MANTENIMIENTO;4;LIMPIAR;308;ANDAMIO COLGANTE DE 100 M (2 GRILLETES);56;204308;LIMPIAR_308;20
2;MANTENIMIENTO;5;LUBRICAR / ENGRASAR;308;ANDAMIO COLGANTE DE 100 M (2 GRILLETES);56;205308;LUBRICAR / ENGRASAR_308;3
2;MANTENIMIENTO;1;MANTENIMIENTO;308;ANDAMIO COLGANTE DE 100 M (2 GRILLETES);56;201308;MANTENIMIENTO_308;55
2;MANTENIMIENTO;6;MARCAR / PINTAR;308;ANDAMIO COLGANTE DE 100 M (2 GRILLETES);56;206308;MARCAR / PINTAR_308;6
2;MANTENIMIENTO;7;SOLDADURA;308;ANDAMIO COLGANTE DE 100 M (2 GRILLETES);56;207308;SOLDADURA_308;10
2;MANTENIMIENTO;2;ENDEREZAR;1636;ANDAMIO COLGANTE DE 100 M CON ABRAZADERA (2 GRILLETES);56;2021636;ENDEREZAR_1636;10
2;MANTENIMIENTO;3;ENSAMBLAR;1636;ANDAMIO COLGANTE DE 100 M CON ABRAZADERA (2 GRILLETES);56;2031636;ENSAMBLAR_1636;6
2;MANTENIMIENTO;4;LIMPIAR;1636;ANDAMIO COLGANTE DE 100 M CON ABRAZADERA (2 GRILLETES);56;2041636;LIMPIAR_1636;20
2;MANTENIMIENTO;5;LUBRICAR / ENGRASAR;1636;ANDAMIO COLGANTE DE 100 M CON ABRAZADERA (2 GRILLETES);56;2051636;LUBRICAR / ENGRASAR_1636;3
2;MANTENIMIENTO;1;MANTENIMIENTO;1636;ANDAMIO COLGANTE DE 100 M CON ABRAZADERA (2 GRILLETES);56;2011636;MANTENIMIENTO_1636;55
2;MANTENIMIENTO;6;MARCAR / PINTAR;1636;ANDAMIO COLGANTE DE 100 M CON ABRAZADERA (2 GRILLETES);56;2061636;MARCAR / PINTAR_1636;6
2;MANTENIMIENTO;7;SOLDADURA;1636;ANDAMIO COLGANTE DE 100 M CON ABRAZADERA (2 GRILLETES);56;2071636;SOLDADURA_1636;10
2;MANTENIMIENTO;2;ENDEREZAR;304;ANDAMIO COLGANTE DE 30 M (2 GRILLETES);60;202304;ENDEREZAR_304;20
2;MANTENIMIENTO;3;ENSAMBLAR;304;ANDAMIO COLGANTE DE 30 M (2 GRILLETES);60;203304;ENSAMBLAR_304;6
2;MANTENIMIENTO;5;LUBRICAR / ENGRASAR;304;ANDAMIO COLGANTE DE 30 M (2 GRILLETES);60;205304;LUBRICAR / ENGRASAR_304;6
2;MANTENIMIENTO;1;MANTENIMIENTO;304;ANDAMIO COLGANTE DE 30 M (2 GRILLETES);60;201304;MANTENIMIENTO_304;55
2;MANTENIMIENTO;6;MARCAR / PINTAR;304;ANDAMIO COLGANTE DE 30 M (2 GRILLETES);60;206304;MARCAR / PINTAR_304;10
2;MANTENIMIENTO;7;SOLDADURA;304;ANDAMIO COLGANTE DE 30 M (2 GRILLETES);60;207304;SOLDADURA_304;3
2;MANTENIMIENTO;2;ENDEREZAR;1629;ANDAMIO COLGANTE DE 30 M CON ABRAZADERA;60;2021629;ENDEREZAR_1629;10
2;MANTENIMIENTO;3;ENSAMBLAR;1629;ANDAMIO COLGANTE DE 30 M CON ABRAZADERA;60;2031629;ENSAMBLAR_1629;6
2;MANTENIMIENTO;4;LIMPIAR;1629;ANDAMIO COLGANTE DE 30 M CON ABRAZADERA;60;2041629;LIMPIAR_1629;20
2;MANTENIMIENTO;5;LUBRICAR / ENGRASAR;1629;ANDAMIO COLGANTE DE 30 M CON ABRAZADERA;60;2051629;LUBRICAR / ENGRASAR_1629;3
2;MANTENIMIENTO;1;MANTENIMIENTO;1629;ANDAMIO COLGANTE DE 30 M CON ABRAZADERA;60;2011629;MANTENIMIENTO_1629;55
2;MANTENIMIENTO;6;MARCAR / PINTAR;1629;ANDAMIO COLGANTE DE 30 M CON ABRAZADERA;60;2061629;MARCAR / PINTAR_1629;6
2;MANTENIMIENTO;7;SOLDADURA;1629;ANDAMIO COLGANTE DE 30 M CON ABRAZADERA;60;2071629;SOLDADURA_1629;10
2;MANTENIMIENTO;2;ENDEREZAR;309;ANDAMIO COLGANTE DE 40 M (2 GRILLETES);60;202309;ENDEREZAR_309;10
2;MANTENIMIENTO;3;ENSAMBLAR;309;ANDAMIO COLGANTE DE 40 M (2 GRILLETES);60;203309;ENSAMBLAR_309;6
2;MANTENIMIENTO;4;LIMPIAR;309;ANDAMIO COLGANTE DE 40 M (2 GRILLETES);60;204309;LIMPIAR_309;20
2;MANTENIMIENTO;5;LUBRICAR / ENGRASAR;309;ANDAMIO COLGANTE DE 40 M (2 GRILLETES);60;205309;LUBRICAR / ENGRASAR_309;3
2;MANTENIMIENTO;1;MANTENIMIENTO;309;ANDAMIO COLGANTE DE 40 M (2 GRILLETES);60;201309;MANTENIMIENTO_309;55
2;MANTENIMIENTO;6;MARCAR / PINTAR;309;ANDAMIO COLGANTE DE 40 M (2 GRILLETES);60;206309;MARCAR / PINTAR_309;6
2;MANTENIMIENTO;7;SOLDADURA;309;ANDAMIO COLGANTE DE 40 M (2 GRILLETES);60;207309;SOLDADURA_309;10
2;MANTENIMIENTO;2;ENDEREZAR;1630;ANDAMIO COLGANTE DE 40 M CON ABRAZADERA;60;2021630;ENDEREZAR_1630;10
2;MANTENIMIENTO;3;ENSAMBLAR;1630;ANDAMIO COLGANTE DE 40 M CON ABRAZADERA;60;2031630;ENSAMBLAR_1630;6
2;MANTENIMIENTO;4;LIMPIAR;1630;ANDAMIO COLGANTE DE 40 M CON ABRAZADERA;60;2041630;LIMPIAR_1630;20
2;MANTENIMIENTO;5;LUBRICAR / ENGRASAR;1630;ANDAMIO COLGANTE DE 40 M CON ABRAZADERA;60;2051630;LUBRICAR / ENGRASAR_1630;3
2;MANTENIMIENTO;1;MANTENIMIENTO;1630;ANDAMIO COLGANTE DE 40 M CON ABRAZADERA;60;2011630;MANTENIMIENTO_1630;55
2;MANTENIMIENTO;6;MARCAR / PINTAR;1630;ANDAMIO COLGANTE DE 40 M CON ABRAZADERA;60;2061630;MARCAR / PINTAR_1630;6
2;MANTENIMIENTO;7;SOLDADURA;1630;ANDAMIO COLGANTE DE 40 M CON ABRAZADERA;60;2071630;SOLDADURA_1630;10
2;MANTENIMIENTO;2;ENDEREZAR;305;ANDAMIO COLGANTE DE 50 M (2 GRILLETES);51;202305;ENDEREZAR_305;10
2;MANTENIMIENTO;3;ENSAMBLAR;305;ANDAMIO COLGANTE DE 50 M (2 GRILLETES);51;203305;ENSAMBLAR_305;6
2;MANTENIMIENTO;4;LIMPIAR;305;ANDAMIO COLGANTE DE 50 M (2 GRILLETES);51;204305;LIMPIAR_305;20
2;MANTENIMIENTO;5;LUBRICAR / ENGRASAR;305;ANDAMIO COLGANTE DE 50 M (2 GRILLETES);51;205305;LUBRICAR / ENGRASAR_305;3
2;MANTENIMIENTO;1;MANTENIMIENTO;305;ANDAMIO COLGANTE DE 50 M (2 GRILLETES);51;201305;MANTENIMIENTO_305;55
2;MANTENIMIENTO;6;MARCAR / PINTAR;305;ANDAMIO COLGANTE DE 50 M (2 GRILLETES);51;206305;MARCAR / PINTAR_305;6
2;MANTENIMIENTO;7;SOLDADURA;305;ANDAMIO COLGANTE DE 50 M (2 GRILLETES);51;207305;SOLDADURA_305;10
2;MANTENIMIENTO;2;ENDEREZAR;1631;ANDAMIO COLGANTE DE 50 M CON ABRAZADERA (2 GRILLETES);51;2021631;ENDEREZAR_1631;10
2;MANTENIMIENTO;3;ENSAMBLAR;1631;ANDAMIO COLGANTE DE 50 M CON ABRAZADERA (2 GRILLETES);51;2031631;ENSAMBLAR_1631;6
2;MANTENIMIENTO;4;LIMPIAR;1631;ANDAMIO COLGANTE DE 50 M CON ABRAZADERA (2 GRILLETES);51;2041631;LIMPIAR_1631;20
2;MANTENIMIENTO;5;LUBRICAR / ENGRASAR;1631;ANDAMIO COLGANTE DE 50 M CON ABRAZADERA (2 GRILLETES);51;2051631;LUBRICAR / ENGRASAR_1631;3
2;MANTENIMIENTO;1;MANTENIMIENTO;1631;ANDAMIO COLGANTE DE 50 M CON ABRAZADERA (2 GRILLETES);51;2011631;MANTENIMIENTO_1631;55
2;MANTENIMIENTO;6;MARCAR / PINTAR;1631;ANDAMIO COLGANTE DE 50 M CON ABRAZADERA (2 GRILLETES);51;2061631;MARCAR / PINTAR_1631;6
2;MANTENIMIENTO;7;SOLDADURA;1631;ANDAMIO COLGANTE DE 50 M CON ABRAZADERA (2 GRILLETES);51;2071631;SOLDADURA_1631;10
2;MANTENIMIENTO;2;ENDEREZAR;306;ANDAMIO COLGANTE DE 60 M (2 GRILLETES);52;202306;ENDEREZAR_306;10
2;MANTENIMIENTO;3;ENSAMBLAR;306;ANDAMIO COLGANTE DE 60 M (2 GRILLETES);52;203306;ENSAMBLAR_306;6
2;MANTENIMIENTO;4;LIMPIAR;306;ANDAMIO COLGANTE DE 60 M (2 GRILLETES);52;204306;LIMPIAR_306;20
2;MANTENIMIENTO;5;LUBRICAR / ENGRASAR;306;ANDAMIO COLGANTE DE 60 M (2 GRILLETES);52;205306;LUBRICAR / ENGRASAR_306;3
2;MANTENIMIENTO;1;MANTENIMIENTO;306;ANDAMIO COLGANTE DE 60 M (2 GRILLETES);52;201306;MANTENIMIENTO_306;55
2;MANTENIMIENTO;6;MARCAR / PINTAR;306;ANDAMIO COLGANTE DE 60 M (2 GRILLETES);52;206306;MARCAR / PINTAR_306;6
2;MANTENIMIENTO;7;SOLDADURA;306;ANDAMIO COLGANTE DE 60 M (2 GRILLETES);52;207306;SOLDADURA_306;10
2;MANTENIMIENTO;2;ENDEREZAR;1632;ANDAMIO COLGANTE DE 60 M CON ABRAZADERA (2 GRILLETES);52;2021632;ENDEREZAR_1632;10
2;MANTENIMIENTO;3;ENSAMBLAR;1632;ANDAMIO COLGANTE DE 60 M CON ABRAZADERA (2 GRILLETES);52;2031632;ENSAMBLAR_1632;6
2;MANTENIMIENTO;4;LIMPIAR;1632;ANDAMIO COLGANTE DE 60 M CON ABRAZADERA (2 GRILLETES);52;2041632;LIMPIAR_1632;20
2;MANTENIMIENTO;5;LUBRICAR / ENGRASAR;1632;ANDAMIO COLGANTE DE 60 M CON ABRAZADERA (2 GRILLETES);52;2051632;LUBRICAR / ENGRASAR_1632;3
2;MANTENIMIENTO;1;MANTENIMIENTO;1632;ANDAMIO COLGANTE DE 60 M CON ABRAZADERA (2 GRILLETES);52;2011632;MANTENIMIENTO_1632;55
2;MANTENIMIENTO;6;MARCAR / PINTAR;1632;ANDAMIO COLGANTE DE 60 M CON ABRAZADERA (2 GRILLETES);52;2061632;MARCAR / PINTAR_1632;6
2;MANTENIMIENTO;7;SOLDADURA;1632;ANDAMIO COLGANTE DE 60 M CON ABRAZADERA (2 GRILLETES);52;2071632;SOLDADURA_1632;10
2;MANTENIMIENTO;2;ENDEREZAR;310;ANDAMIO COLGANTE DE 70 M (2 GRILLETES);53;202310;ENDEREZAR_310;10
2;MANTENIMIENTO;3;ENSAMBLAR;310;ANDAMIO COLGANTE DE 70 M (2 GRILLETES);53;203310;ENSAMBLAR_310;6
2;MANTENIMIENTO;4;LIMPIAR;310;ANDAMIO COLGANTE DE 70 M (2 GRILLETES);53;204310;LIMPIAR_310;20
2;MANTENIMIENTO;5;LUBRICAR / ENGRASAR;310;ANDAMIO COLGANTE DE 70 M (2 GRILLETES);53;205310;LUBRICAR / ENGRASAR_310;3
2;MANTENIMIENTO;1;MANTENIMIENTO;310;ANDAMIO COLGANTE DE 70 M (2 GRILLETES);53;201310;MANTENIMIENTO_310;55
2;MANTENIMIENTO;6;MARCAR / PINTAR;310;ANDAMIO COLGANTE DE 70 M (2 GRILLETES);53;206310;MARCAR / PINTAR_310;6
2;MANTENIMIENTO;7;SOLDADURA;310;ANDAMIO COLGANTE DE 70 M (2 GRILLETES);53;207310;SOLDADURA_310;10
2;MANTENIMIENTO;2;ENDEREZAR;1633;ANDAMIO COLGANTE DE 70 M CON ABRAZADERA (2 GRILLETES);53;2021633;ENDEREZAR_1633;10
2;MANTENIMIENTO;3;ENSAMBLAR;1633;ANDAMIO COLGANTE DE 70 M CON ABRAZADERA (2 GRILLETES);53;2031633;ENSAMBLAR_1633;6
2;MANTENIMIENTO;4;LIMPIAR;1633;ANDAMIO COLGANTE DE 70 M CON ABRAZADERA (2 GRILLETES);53;2041633;LIMPIAR_1633;20
2;MANTENIMIENTO;5;LUBRICAR / ENGRASAR;1633;ANDAMIO COLGANTE DE 70 M CON ABRAZADERA (2 GRILLETES);53;2051633;LUBRICAR / ENGRASAR_1633;3
2;MANTENIMIENTO;1;MANTENIMIENTO;1633;ANDAMIO COLGANTE DE 70 M CON ABRAZADERA (2 GRILLETES);53;2011633;MANTENIMIENTO_1633;55
2;MANTENIMIENTO;6;MARCAR / PINTAR;1633;ANDAMIO COLGANTE DE 70 M CON ABRAZADERA (2 GRILLETES);53;2061633;MARCAR / PINTAR_1633;6
2;MANTENIMIENTO;7;SOLDADURA;1633;ANDAMIO COLGANTE DE 70 M CON ABRAZADERA (2 GRILLETES);53;2071633;SOLDADURA_1633;10
2;MANTENIMIENTO;1;MANTENIMIENTO;330;ANDAMIO ESTRUCTURAL DE 1.50 X 1.50 M;15;201330;MANTENIMIENTO_330;4,66662
2;MANTENIMIENTO;1;MANTENIMIENTO;326;ANDAMIO TIJERA DE 1.20 X 1.50 M MARCO;15;201326;MANTENIMIENTO_326;14
2;MANTENIMIENTO;1;MANTENIMIENTO;328;ANDAMIO TIJERA DE 1.50 X 1.50 M MARCO;15;201328;MANTENIMIENTO_328;14
2;MANTENIMIENTO;1;MANTENIMIENTO;329;ANDAMIO TIJERA DE 1.56 X 1.50 M MARCO;15;201329;MANTENIMIENTO_329;14
2;MANTENIMIENTO;1;MANTENIMIENTO;643;ANGULO EXTERIOR DE 1200 MM;3;201643;MANTENIMIENTO_643;5,216138329
2;MANTENIMIENTO;1;MANTENIMIENTO;642;ANGULO EXTERIOR DE 600 MM;1,5;201642;MANTENIMIENTO_642;3,371710526
2;MANTENIMIENTO;1;MANTENIMIENTO;2524;ANGULO EXTERIOR GRAN FORMATO 1200 MM;4,11;2012524;MANTENIMIENTO_2524;7
2;MANTENIMIENTO;1;MANTENIMIENTO;1874;ANGULO EXTERIOR GRAN FORMATO 2400 MM;8,22;2011874;MANTENIMIENTO_1874;12
2;MANTENIMIENTO;1;MANTENIMIENTO;2542;ANGULO EXTERIOR GRAN FORMATO 600 MM;2,1;2012542;MANTENIMIENTO_2542;6
2;MANTENIMIENTO;1;MANTENIMIENTO;2728;APAREJO ELEVADOR;0;2012728;MANTENIMIENTO_2728;3
2;MANTENIMIENTO;8;REPARACION;2728;APAREJO ELEVADOR;0;2082728;REPARACION_2728;2
2;MANTENIMIENTO;1;MANTENIMIENTO;1671;BARANDA AJUSTABLE DE 3 M;4,7;2011671;MANTENIMIENTO_1671;9,856115108
2;MANTENIMIENTO;1;MANTENIMIENTO;3001;BARANDA HORIZONTAL 0.70 M ANDAMIO COLGANTE MAMPOSTERO;3;2013001;MANTENIMIENTO_3001;4
2;MANTENIMIENTO;1;MANTENIMIENTO;3157;BARANDA HORIZONTAL 1.40M ANDAMIO COLGANTE MAMPOSTERO;2,33;2013157;MANTENIMIENTO_3157;5
2;MANTENIMIENTO;1;MANTENIMIENTO;3223;BARANDA HORIZONTAL 2.10 M ANDAMIO COLGANTE MAMPOSTERO;3,5;2013223;MANTENIMIENTO_3223;6
2;MANTENIMIENTO;1;MANTENIMIENTO;3000;BARANDA HORIZONTAL 3.0 M ANDAMIO COLGANTE MAMPOSTERO;5;2013000;MANTENIMIENTO_3000;7
2;MANTENIMIENTO;1;MANTENIMIENTO;590;BARANDA PARA ESCALERA 1.40 M;3;201590;MANTENIMIENTO_590;6,5
2;MANTENIMIENTO;1;MANTENIMIENTO;2986;BARANDA PARA ESCALERA 1.40 M - DISTANCIA EJES 110 CM;3;2012986;MANTENIMIENTO_2986;3
2;MANTENIMIENTO;1;MANTENIMIENTO;2494;BARANDA PARA ESCALERA 3.00 M;0;2012494;MANTENIMIENTO_2494;4,5
2;MANTENIMIENTO;1;MANTENIMIENTO;319;BARANDA PARA ESCALERA DE ANDAMIO;5;201319;MANTENIMIENTO_319;6,5
2;MANTENIMIENTO;1;MANTENIMIENTO;351;BASE COLLAR;1,7;201351;MANTENIMIENTO_351;2,484507042
2;MANTENIMIENTO;1;MANTENIMIENTO;1687;CABLE ANDAMIO COLGANTE CERTIFICADO 100 M;26;2011687;MANTENIMIENTO_1687;25
2;MANTENIMIENTO;1;MANTENIMIENTO;3220;CABLE ANDAMIO COLGANTE CERTIFICADO 100 M PRIMARIO (DE TRABAJO);26;2013220;MANTENIMIENTO_3220;25
2;MANTENIMIENTO;1;MANTENIMIENTO;1751;CABLE ANDAMIO COLGANTE CERTIFICADO 50 m;12;2011751;MANTENIMIENTO_1751;20
2;MANTENIMIENTO;1;MANTENIMIENTO;3219;CABLE ANDAMIO COLGANTE CERTIFICADO 50 M PRIMARIO (DE TRABAJO);13;2013219;MANTENIMIENTO_3219;20
2;MANTENIMIENTO;1;MANTENIMIENTO;1048;CAN ABARCO DE 3.00 M;15,54;2011048;MANTENIMIENTO_1048;10
2;MANTENIMIENTO;1;MANTENIMIENTO;1051;CAN MADERA COMUN DE 2.00 M;10,36;2011051;MANTENIMIENTO_1051;10
2;MANTENIMIENTO;1;MANTENIMIENTO;1053;CAN MADERA COMUN DE 2.80 M;14,5;2011053;MANTENIMIENTO_1053;10
2;MANTENIMIENTO;1;MANTENIMIENTO;1054;CAN MADERA COMUN DE 3.00 M;14,5;2011054;MANTENIMIENTO_1054;10
2;MANTENIMIENTO;1;MANTENIMIENTO;1710;CANASTA 1.0 X1.0 X1.0 M;0;2011710;MANTENIMIENTO_1710;6
2;MANTENIMIENTO;8;REPARACION;1710;CANASTA 1.0 X1.0 X1.0 M;0;2081710;REPARACION_1710;30
2;MANTENIMIENTO;1;MANTENIMIENTO;1056;CARGUERA ABARCO DE 3.50 A 3.99 M;14;2011056;MANTENIMIENTO_1056;10
2;MANTENIMIENTO;1;MANTENIMIENTO;1057;CARGUERA ABARCO DE 4.00 A 4.49 M;15,7;2011057;MANTENIMIENTO_1057;10
2;MANTENIMIENTO;1;MANTENIMIENTO;1058;CARGUERA ABARCO DE 4.50 A 4.99 M;17,5;2011058;MANTENIMIENTO_1058;10
2;MANTENIMIENTO;1;MANTENIMIENTO;1061;CARGUERA ABARCO DE 6.00 A 6.49 M;22,7;2011061;MANTENIMIENTO_1061;10
2;MANTENIMIENTO;1;MANTENIMIENTO;1062;CARGUERA ABARCO DE 6.50 A 6.99 M;26,2;2011062;MANTENIMIENTO_1062;10
2;MANTENIMIENTO;1;MANTENIMIENTO;1063;CARGUERA ABARCO DE 7.00 A 7.49 M;0;2011063;MANTENIMIENTO_1063;10
2;MANTENIMIENTO;1;MANTENIMIENTO;1065;CARGUERA ABARCO DE 8.00 A 8.49 M;0;2011065;MANTENIMIENTO_1065;10
2;MANTENIMIENTO;1;MANTENIMIENTO;646;CHAPETA PARA FORMALETA METALICA;0,14;201646;MANTENIMIENTO_646;0,979500891
2;MANTENIMIENTO;1;MANTENIMIENTO;442;"CHAPETA TENSORA DE 3/8""";0;201442;MANTENIMIENTO_442;1,33332
2;MANTENIMIENTO;1;MANTENIMIENTO;1175;"CHAPOLA 1/2"" PARA ANDAMIO COMUN";0;2011175;MANTENIMIENTO_1175;0,33
2;MANTENIMIENTO;1;MANTENIMIENTO;903;CILINDRO DE 1.20 M;0;201903;MANTENIMIENTO_903;90
2;MANTENIMIENTO;1;MANTENIMIENTO;914;CILINDRO MUESTRA DE CONCRETO (DIAM. 15 CM , ALTURA 30 CM);8,3;201914;MANTENIMIENTO_914;8,75
2;MANTENIMIENTO;1;MANTENIMIENTO;2483;COLGANTE CERTIFICADO COMPLETO (MARCO-APAREJO ELEVADOR-BLOQUEO DE SEG);25;2012483;MANTENIMIENTO_2483;45
2;MANTENIMIENTO;1;MANTENIMIENTO;905;CONO CONCENTRICO DE 1.20 M;0;201905;MANTENIMIENTO_905;139
2;MANTENIMIENTO;1;MANTENIMIENTO;1894;CONO FORMALETA GRAN FORMATO;0;2011894;MANTENIMIENTO_1894;0
2;MANTENIMIENTO;1;MANTENIMIENTO;1023;CONO REFLECTIVO;0;2011023;MANTENIMIENTO_1023;1
2;MANTENIMIENTO;1;MANTENIMIENTO;915;CONO SLUMP;5;201915;MANTENIMIENTO_915;8,75
2;MANTENIMIENTO;1;MANTENIMIENTO;1581;CONVERTIDOR RETACADOR EN HIBRIDO;5;2011581;MANTENIMIENTO_1581;15
2;MANTENIMIENTO;1;MANTENIMIENTO;3094;CORBATA DESTIJERADA PARA FORMALETA METALICA DE 200 MM;0,09;2013094;MANTENIMIENTO_3094;0,67
2;MANTENIMIENTO;1;MANTENIMIENTO;651;CORBATA PARA FORMALETA METALICA DE 100 MM;0,14;201651;MANTENIMIENTO_651;0,66666
2;MANTENIMIENTO;1;MANTENIMIENTO;2561;CORBATA PARA FORMALETA METALICA DE 1000 MM;0,64;2012561;MANTENIMIENTO_2561;0,67
2;MANTENIMIENTO;1;MANTENIMIENTO;926;CORBATA PARA FORMALETA METALICA DE 100-120 MM;0,06;201926;MANTENIMIENTO_926;0,66666
2;MANTENIMIENTO;1;MANTENIMIENTO;653;CORBATA PARA FORMALETA METALICA DE 150 MM;0,1;201653;MANTENIMIENTO_653;0,66666
2;MANTENIMIENTO;1;MANTENIMIENTO;654;CORBATA PARA FORMALETA METALICA DE 200 MM;0,15;201654;MANTENIMIENTO_654;0,66666
2;MANTENIMIENTO;1;MANTENIMIENTO;655;CORBATA PARA FORMALETA METALICA DE 250 MM;0,17;201655;MANTENIMIENTO_655;0,66666
2;MANTENIMIENTO;1;MANTENIMIENTO;656;CORBATA PARA FORMALETA METALICA DE 300 MM;0,19;201656;MANTENIMIENTO_656;0,66666
2;MANTENIMIENTO;1;MANTENIMIENTO;660;CORBATA PARA FORMALETA METALICA DE 350 MM;0,23;201660;MANTENIMIENTO_660;0,66666
2;MANTENIMIENTO;1;MANTENIMIENTO;657;CORBATA PARA FORMALETA METALICA DE 400 MM;0,26;201657;MANTENIMIENTO_657;2
2;MANTENIMIENTO;1;MANTENIMIENTO;661;CORBATA PARA FORMALETA METALICA DE 450 MM;0,3;201661;MANTENIMIENTO_661;2
2;MANTENIMIENTO;1;MANTENIMIENTO;649;CORBATA PARA FORMALETA METALICA DE 500 MM;0,32;201649;MANTENIMIENTO_649;1,875
2;MANTENIMIENTO;1;MANTENIMIENTO;1680;CORBATA PARA FORMALETA METALICA DE 550 MM;0,35;2011680;MANTENIMIENTO_1680;2,543103448
2;MANTENIMIENTO;1;MANTENIMIENTO;658;CORBATA PARA FORMALETA METALICA DE 600 MM;0,39;201658;MANTENIMIENTO_658;2,543103448
2;MANTENIMIENTO;1;MANTENIMIENTO;659;CORBATA PARA FORMALETA METALICA DE 700 MM;0,47;201659;MANTENIMIENTO_659;2,543103448
2;MANTENIMIENTO;1;MANTENIMIENTO;429;CRUCETA DE 2.50 M;5;201429;MANTENIMIENTO_429;1,33
2;MANTENIMIENTO;1;MANTENIMIENTO;1069;CUADRO DE MADERA DE 100 X 100 X 2000 MM;0;2011069;MANTENIMIENTO_1069;9,461538462
2;MANTENIMIENTO;1;MANTENIMIENTO;1574;CUADRO DE MADERA DE 100 X 100 X 2250 MM;0;2011574;MANTENIMIENTO_1574;9,461538462
2;MANTENIMIENTO;1;MANTENIMIENTO;377;CUADRO DE MADERA DE 100 X 100 X 2400 MM;0;201377;MANTENIMIENTO_377;9,461538462
2;MANTENIMIENTO;1;MANTENIMIENTO;1417;CUADRO DE MADERA DE 100 X 100 X 2500 MM;0;2011417;MANTENIMIENTO_1417;9,461538462
2;MANTENIMIENTO;1;MANTENIMIENTO;909;CUELLO DE 1.20 M;0;201909;MANTENIMIENTO_909;209
2;MANTENIMIENTO;1;MANTENIMIENTO;443;CUÑA LISA;0,03;201443;MANTENIMIENTO_443;0,5
2;MANTENIMIENTO;1;MANTENIMIENTO;2963;CUÑA LISA UNISPAN;0,01;2012963;MANTENIMIENTO_2963;0,5
2;MANTENIMIENTO;1;MANTENIMIENTO;444;CUÑA PERFORADA;0,03;201444;MANTENIMIENTO_444;0,5
2;MANTENIMIENTO;1;MANTENIMIENTO;2964;CUÑA PERFORADA UNISPAN;0,01;2012964;MANTENIMIENTO_2964;0,5
2;MANTENIMIENTO;1;MANTENIMIENTO;2528;CUÑERO PTS 100X100 TOPE ARRIOSTRAMIENTO;2,4;2012528;MANTENIMIENTO_2528;2,25
2;MANTENIMIENTO;1;MANTENIMIENTO;2443;DIADEMA GUARDERA 500 MM;0;2012443;MANTENIMIENTO_2443;1,2
2;MANTENIMIENTO;1;MANTENIMIENTO;1039;DIAGONAL 0.7 M / 2 M ALTURA GALVANIZADA;7,8;2011039;MANTENIMIENTO_1039;4,545454545
2;MANTENIMIENTO;1;MANTENIMIENTO;598;DIAGONAL 1.4 M / 2 M ALTURA GALVANIZADA;9,5;201598;MANTENIMIENTO_598;5
2;MANTENIMIENTO;1;MANTENIMIENTO;3072;DIAGONAL 2.1 M / 2 M ALTURA GALVANIZADA;8,05;2013072;MANTENIMIENTO_3072;6
2;MANTENIMIENTO;1;MANTENIMIENTO;597;DIAGONAL 3.0 M / 2 M ALTURA GALVANIZADA;11,9;201597;MANTENIMIENTO_597;7,492816092
2;MANTENIMIENTO;1;MANTENIMIENTO;1625;DIAGONAL CORTA DE 1.72 M;7;2011625;MANTENIMIENTO_1625;6,951219512
2;MANTENIMIENTO;1;MANTENIMIENTO;1035;DIAGONAL CORTA DE 1.87 M;3,5;2011035;MANTENIMIENTO_1035;3,3333
2;MANTENIMIENTO;1;MANTENIMIENTO;1036;DIAGONAL CORTA DE 1.91 M;3,5;2011036;MANTENIMIENTO_1036;3,3333
2;MANTENIMIENTO;1;MANTENIMIENTO;1626;DIAGONAL CORTA DE 1.94 M;7;2011626;MANTENIMIENTO_1626;4
2;MANTENIMIENTO;1;MANTENIMIENTO;1040;DIAGONAL LARGA DE 3.24 M;8;2011040;MANTENIMIENTO_1040;6,75
2;MANTENIMIENTO;1;MANTENIMIENTO;1041;DIAGONAL LARGA DE 3.27 M;8;2011041;MANTENIMIENTO_1041;5,438596491
2;MANTENIMIENTO;1;MANTENIMIENTO;356;DIAGONAL PARA ANDAMIO DE CARGA;4;201356;MANTENIMIENTO_356;3,3333
2;MANTENIMIENTO;1;MANTENIMIENTO;648;DUCTOLON M;0;201648;MANTENIMIENTO_648;1,5
2;MANTENIMIENTO;1;MANTENIMIENTO;595;ESCALERA 1.4 X 0.6 M;20;201595;MANTENIMIENTO_595;41
2;MANTENIMIENTO;1;MANTENIMIENTO;345;ESCALERA 2.0 M ESCOTILLA;15;201345;MANTENIMIENTO_345;7
2;MANTENIMIENTO;9;ENSAMBLE;2496;ESCALERA 3.0 X 0.60 M PEATONAL;0;2092496;ENSAMBLE_2496;10
2;MANTENIMIENTO;1;MANTENIMIENTO;946;ESCALERA EXTENSIBLE ALUMINIO 2 CUERPOS HASTA 6.2 M;0;201946;MANTENIMIENTO_946;12
2;MANTENIMIENTO;1;MANTENIMIENTO;933;ESCALERA MADERA DE 3 CUERPOS;0;201933;MANTENIMIENTO_933;12
2;MANTENIMIENTO;1;MANTENIMIENTO;601;ESCALERA VERTICAL 2.0 M;16,5;201601;MANTENIMIENTO_601;12,27272727
2;MANTENIMIENTO;1;MANTENIMIENTO;602;ESCALERA VERTICAL 2.8 M;22,5;201602;MANTENIMIENTO_602;14,16666667
2;MANTENIMIENTO;1;MANTENIMIENTO;3017;ESPIGO CON ABRAZADERA (PARA HORIZONTAL CON ESPIGO);0;2013017;MANTENIMIENTO_3017;0,3
2;MANTENIMIENTO;1;MANTENIMIENTO;549;EXTRACTOR DE CORBATAS FORMALETA;4,5;201549;MANTENIMIENTO_549;2
2;MANTENIMIENTO;1;MANTENIMIENTO;478;FORMALETA CIRCULAR COLUMNA 0.30 X 1.20 M - TAPA;0;201478;MANTENIMIENTO_478;10
2;MANTENIMIENTO;1;MANTENIMIENTO;459;FORMALETA CIRCULAR COLUMNA 0.40 X 2.40 M - TAPA;0;201459;MANTENIMIENTO_459;13
2;MANTENIMIENTO;1;MANTENIMIENTO;480;FORMALETA CIRCULAR COLUMNA 0.40 X 3.00 M - TAPA;0;201480;MANTENIMIENTO_480;13
2;MANTENIMIENTO;1;MANTENIMIENTO;481;FORMALETA CIRCULAR COLUMNA 1.00 X 3.20 M - TAPA;0;201481;MANTENIMIENTO_481;22
2;MANTENIMIENTO;1;MANTENIMIENTO;500;FORMALETA COLUMNA 0.30 X 2.40 M - TAPA;0;201500;MANTENIMIENTO_500;13
2;MANTENIMIENTO;2;ENDEREZAR;2554;FORMALETA GRAN FORMATO 150 X 1200 MM;13,96;2022554;ENDEREZAR_2554;5
2;MANTENIMIENTO;3;ENSAMBLAR;2554;FORMALETA GRAN FORMATO 150 X 1200 MM;13,96;2032554;ENSAMBLAR_2554;8
2;MANTENIMIENTO;10;IMPERMEABILIZAR;2554;FORMALETA GRAN FORMATO 150 X 1200 MM;13,96;2102554;IMPERMEABILIZAR_2554;1
2;MANTENIMIENTO;11;LIJAR;2554;FORMALETA GRAN FORMATO 150 X 1200 MM;13,96;2112554;LIJAR_2554;3
2;MANTENIMIENTO;4;LIMPIAR;2554;FORMALETA GRAN FORMATO 150 X 1200 MM;13,96;2042554;LIMPIAR_2554;14
2;MANTENIMIENTO;5;LUBRICAR / ENGRASAR;2554;FORMALETA GRAN FORMATO 150 X 1200 MM;13,96;2052554;LUBRICAR / ENGRASAR_2554;1,5
2;MANTENIMIENTO;1;MANTENIMIENTO;2554;FORMALETA GRAN FORMATO 150 X 1200 MM;13,96;2012554;MANTENIMIENTO_2554;42,5
2;MANTENIMIENTO;6;MARCAR / PINTAR;2554;FORMALETA GRAN FORMATO 150 X 1200 MM;13,96;2062554;MARCAR / PINTAR_2554;4
2;MANTENIMIENTO;12;MASILLAR;2554;FORMALETA GRAN FORMATO 150 X 1200 MM;13,96;2122554;MASILLAR_2554;6
2;MANTENIMIENTO;2;ENDEREZAR;1861;FORMALETA GRAN FORMATO 150 X 2400 MM;24,64;2021861;ENDEREZAR_1861;6
2;MANTENIMIENTO;3;ENSAMBLAR;1861;FORMALETA GRAN FORMATO 150 X 2400 MM;24,64;2031861;ENSAMBLAR_1861;8
2;MANTENIMIENTO;10;IMPERMEABILIZAR;1861;FORMALETA GRAN FORMATO 150 X 2400 MM;24,64;2101861;IMPERMEABILIZAR_1861;1
2;MANTENIMIENTO;11;LIJAR;1861;FORMALETA GRAN FORMATO 150 X 2400 MM;24,64;2111861;LIJAR_1861;3,5
2;MANTENIMIENTO;4;LIMPIAR;1861;FORMALETA GRAN FORMATO 150 X 2400 MM;24,64;2041861;LIMPIAR_1861;20
2;MANTENIMIENTO;5;LUBRICAR / ENGRASAR;1861;FORMALETA GRAN FORMATO 150 X 2400 MM;24,64;2051861;LUBRICAR / ENGRASAR_1861;2
2;MANTENIMIENTO;1;MANTENIMIENTO;1861;FORMALETA GRAN FORMATO 150 X 2400 MM;24,64;2011861;MANTENIMIENTO_1861;51,5
2;MANTENIMIENTO;6;MARCAR / PINTAR;1861;FORMALETA GRAN FORMATO 150 X 2400 MM;24,64;2061861;MARCAR / PINTAR_1861;5
2;MANTENIMIENTO;12;MASILLAR;1861;FORMALETA GRAN FORMATO 150 X 2400 MM;24,64;2121861;MASILLAR_1861;6
2;MANTENIMIENTO;2;ENDEREZAR;2534;FORMALETA GRAN FORMATO 150 X 600 MM;5,7;2022534;ENDEREZAR_2534;5
2;MANTENIMIENTO;3;ENSAMBLAR;2534;FORMALETA GRAN FORMATO 150 X 600 MM;5,7;2032534;ENSAMBLAR_2534;6
2;MANTENIMIENTO;10;IMPERMEABILIZAR;2534;FORMALETA GRAN FORMATO 150 X 600 MM;5,7;2102534;IMPERMEABILIZAR_2534;1
2;MANTENIMIENTO;11;LIJAR;2534;FORMALETA GRAN FORMATO 150 X 600 MM;5,7;2112534;LIJAR_2534;2
2;MANTENIMIENTO;4;LIMPIAR;2534;FORMALETA GRAN FORMATO 150 X 600 MM;5,7;2042534;LIMPIAR_2534;13
2;MANTENIMIENTO;5;LUBRICAR / ENGRASAR;2534;FORMALETA GRAN FORMATO 150 X 600 MM;5,7;2052534;LUBRICAR / ENGRASAR_2534;1
2;MANTENIMIENTO;1;MANTENIMIENTO;2534;FORMALETA GRAN FORMATO 150 X 600 MM;5,7;2012534;MANTENIMIENTO_2534;38
2;MANTENIMIENTO;6;MARCAR / PINTAR;2534;FORMALETA GRAN FORMATO 150 X 600 MM;5,7;2062534;MARCAR / PINTAR_2534;4
2;MANTENIMIENTO;12;MASILLAR;2534;FORMALETA GRAN FORMATO 150 X 600 MM;5,7;2122534;MASILLAR_2534;6
2;MANTENIMIENTO;2;ENDEREZAR;2553;FORMALETA GRAN FORMATO 200 X 1200 MM;14,66;2022553;ENDEREZAR_2553;5
2;MANTENIMIENTO;3;ENSAMBLAR;2553;FORMALETA GRAN FORMATO 200 X 1200 MM;14,66;2032553;ENSAMBLAR_2553;8
2;MANTENIMIENTO;10;IMPERMEABILIZAR;2553;FORMALETA GRAN FORMATO 200 X 1200 MM;14,66;2102553;IMPERMEABILIZAR_2553;1
2;MANTENIMIENTO;11;LIJAR;2553;FORMALETA GRAN FORMATO 200 X 1200 MM;14,66;2112553;LIJAR_2553;3
2;MANTENIMIENTO;4;LIMPIAR;2553;FORMALETA GRAN FORMATO 200 X 1200 MM;14,66;2042553;LIMPIAR_2553;14
2;MANTENIMIENTO;5;LUBRICAR / ENGRASAR;2553;FORMALETA GRAN FORMATO 200 X 1200 MM;14,66;2052553;LUBRICAR / ENGRASAR_2553;1,5
2;MANTENIMIENTO;1;MANTENIMIENTO;2553;FORMALETA GRAN FORMATO 200 X 1200 MM;14,66;2012553;MANTENIMIENTO_2553;42,5
2;MANTENIMIENTO;6;MARCAR / PINTAR;2553;FORMALETA GRAN FORMATO 200 X 1200 MM;14,66;2062553;MARCAR / PINTAR_2553;4
2;MANTENIMIENTO;12;MASILLAR;2553;FORMALETA GRAN FORMATO 200 X 1200 MM;14,66;2122553;MASILLAR_2553;6
2;MANTENIMIENTO;2;ENDEREZAR;1862;FORMALETA GRAN FORMATO 200 X 2400 MM;28,84;2021862;ENDEREZAR_1862;6
2;MANTENIMIENTO;3;ENSAMBLAR;1862;FORMALETA GRAN FORMATO 200 X 2400 MM;28,84;2031862;ENSAMBLAR_1862;8
2;MANTENIMIENTO;10;IMPERMEABILIZAR;1862;FORMALETA GRAN FORMATO 200 X 2400 MM;28,84;2101862;IMPERMEABILIZAR_1862;1
2;MANTENIMIENTO;11;LIJAR;1862;FORMALETA GRAN FORMATO 200 X 2400 MM;28,84;2111862;LIJAR_1862;3,5
2;MANTENIMIENTO;4;LIMPIAR;1862;FORMALETA GRAN FORMATO 200 X 2400 MM;28,84;2041862;LIMPIAR_1862;20
2;MANTENIMIENTO;5;LUBRICAR / ENGRASAR;1862;FORMALETA GRAN FORMATO 200 X 2400 MM;28,84;2051862;LUBRICAR / ENGRASAR_1862;2
2;MANTENIMIENTO;1;MANTENIMIENTO;1862;FORMALETA GRAN FORMATO 200 X 2400 MM;28,84;2011862;MANTENIMIENTO_1862;51,5
2;MANTENIMIENTO;6;MARCAR / PINTAR;1862;FORMALETA GRAN FORMATO 200 X 2400 MM;28,84;2061862;MARCAR / PINTAR_1862;5
2;MANTENIMIENTO;12;MASILLAR;1862;FORMALETA GRAN FORMATO 200 X 2400 MM;28,84;2121862;MASILLAR_1862;6
2;MANTENIMIENTO;2;ENDEREZAR;2576;FORMALETA GRAN FORMATO 200 X 600 MM;6,45;2022576;ENDEREZAR_2576;5
2;MANTENIMIENTO;3;ENSAMBLAR;2576;FORMALETA GRAN FORMATO 200 X 600 MM;6,45;2032576;ENSAMBLAR_2576;6
2;MANTENIMIENTO;10;IMPERMEABILIZAR;2576;FORMALETA GRAN FORMATO 200 X 600 MM;6,45;2102576;IMPERMEABILIZAR_2576;1
2;MANTENIMIENTO;11;LIJAR;2576;FORMALETA GRAN FORMATO 200 X 600 MM;6,45;2112576;LIJAR_2576;2
2;MANTENIMIENTO;4;LIMPIAR;2576;FORMALETA GRAN FORMATO 200 X 600 MM;6,45;2042576;LIMPIAR_2576;13
2;MANTENIMIENTO;5;LUBRICAR / ENGRASAR;2576;FORMALETA GRAN FORMATO 200 X 600 MM;6,45;2052576;LUBRICAR / ENGRASAR_2576;1
2;MANTENIMIENTO;1;MANTENIMIENTO;2576;FORMALETA GRAN FORMATO 200 X 600 MM;6,45;2012576;MANTENIMIENTO_2576;38
2;MANTENIMIENTO;6;MARCAR / PINTAR;2576;FORMALETA GRAN FORMATO 200 X 600 MM;6,45;2062576;MARCAR / PINTAR_2576;4
2;MANTENIMIENTO;12;MASILLAR;2576;FORMALETA GRAN FORMATO 200 X 600 MM;6,45;2122576;MASILLAR_2576;6
2;MANTENIMIENTO;2;ENDEREZAR;1863;FORMALETA GRAN FORMATO 300 X 2400 MM;33,62;2021863;ENDEREZAR_1863;7
2;MANTENIMIENTO;3;ENSAMBLAR;1863;FORMALETA GRAN FORMATO 300 X 2400 MM;33,62;2031863;ENSAMBLAR_1863;8
2;MANTENIMIENTO;10;IMPERMEABILIZAR;1863;FORMALETA GRAN FORMATO 300 X 2400 MM;33,62;2101863;IMPERMEABILIZAR_1863;1
2;MANTENIMIENTO;11;LIJAR;1863;FORMALETA GRAN FORMATO 300 X 2400 MM;33,62;2111863;LIJAR_1863;3,5
2;MANTENIMIENTO;4;LIMPIAR;1863;FORMALETA GRAN FORMATO 300 X 2400 MM;33,62;2041863;LIMPIAR_1863;21
2;MANTENIMIENTO;5;LUBRICAR / ENGRASAR;1863;FORMALETA GRAN FORMATO 300 X 2400 MM;33,62;2051863;LUBRICAR / ENGRASAR_1863;2
2;MANTENIMIENTO;1;MANTENIMIENTO;1863;FORMALETA GRAN FORMATO 300 X 2400 MM;33,62;2011863;MANTENIMIENTO_1863;53,5
2;MANTENIMIENTO;6;MARCAR / PINTAR;1863;FORMALETA GRAN FORMATO 300 X 2400 MM;33,62;2061863;MARCAR / PINTAR_1863;5
2;MANTENIMIENTO;12;MASILLAR;1863;FORMALETA GRAN FORMATO 300 X 2400 MM;33,62;2121863;MASILLAR_1863;6
2;MANTENIMIENTO;2;ENDEREZAR;2535;FORMALETA GRAN FORMATO 300 X 600 MM;7,94;2022535;ENDEREZAR_2535;5,5
2;MANTENIMIENTO;3;ENSAMBLAR;2535;FORMALETA GRAN FORMATO 300 X 600 MM;7,94;2032535;ENSAMBLAR_2535;5
2;MANTENIMIENTO;10;IMPERMEABILIZAR;2535;FORMALETA GRAN FORMATO 300 X 600 MM;7,94;2102535;IMPERMEABILIZAR_2535;1
2;MANTENIMIENTO;11;LIJAR;2535;FORMALETA GRAN FORMATO 300 X 600 MM;7,94;2112535;LIJAR_2535;2
2;MANTENIMIENTO;4;LIMPIAR;2535;FORMALETA GRAN FORMATO 300 X 600 MM;7,94;2042535;LIMPIAR_2535;14
2;MANTENIMIENTO;5;LUBRICAR / ENGRASAR;2535;FORMALETA GRAN FORMATO 300 X 600 MM;7,94;2052535;LUBRICAR / ENGRASAR_2535;1
2;MANTENIMIENTO;1;MANTENIMIENTO;2535;FORMALETA GRAN FORMATO 300 X 600 MM;7,94;2012535;MANTENIMIENTO_2535;38,5
2;MANTENIMIENTO;6;MARCAR / PINTAR;2535;FORMALETA GRAN FORMATO 300 X 600 MM;7,94;2062535;MARCAR / PINTAR_2535;4
2;MANTENIMIENTO;12;MASILLAR;2535;FORMALETA GRAN FORMATO 300 X 600 MM;7,94;2122535;MASILLAR_2535;6
2;MANTENIMIENTO;4;LIMPIAR;3216;FORMALETA GRAN FORMATO 300 X 600 MM (FENOLICO-MADERA);5,5;2043216;LIMPIAR_3216;3
2;MANTENIMIENTO;2;ENDEREZAR;1864;FORMALETA GRAN FORMATO 400 X 2400 MM;32,12;2021864;ENDEREZAR_1864;7
2;MANTENIMIENTO;3;ENSAMBLAR;1864;FORMALETA GRAN FORMATO 400 X 2400 MM;32,12;2031864;ENSAMBLAR_1864;8
2;MANTENIMIENTO;10;IMPERMEABILIZAR;1864;FORMALETA GRAN FORMATO 400 X 2400 MM;32,12;2101864;IMPERMEABILIZAR_1864;1
2;MANTENIMIENTO;11;LIJAR;1864;FORMALETA GRAN FORMATO 400 X 2400 MM;32,12;2111864;LIJAR_1864;3,5
2;MANTENIMIENTO;4;LIMPIAR;1864;FORMALETA GRAN FORMATO 400 X 2400 MM;32,12;2041864;LIMPIAR_1864;22
2;MANTENIMIENTO;5;LUBRICAR / ENGRASAR;1864;FORMALETA GRAN FORMATO 400 X 2400 MM;32,12;2051864;LUBRICAR / ENGRASAR_1864;2
2;MANTENIMIENTO;1;MANTENIMIENTO;1864;FORMALETA GRAN FORMATO 400 X 2400 MM;32,12;2011864;MANTENIMIENTO_1864;54,5
2;MANTENIMIENTO;6;MARCAR / PINTAR;1864;FORMALETA GRAN FORMATO 400 X 2400 MM;32,12;2061864;MARCAR / PINTAR_1864;5
2;MANTENIMIENTO;12;MASILLAR;1864;FORMALETA GRAN FORMATO 400 X 2400 MM;32,12;2121864;MASILLAR_1864;6
2;MANTENIMIENTO;2;ENDEREZAR;2536;FORMALETA GRAN FORMATO 400 X 600 MM;10,63;2022536;ENDEREZAR_2536;5,5
2;MANTENIMIENTO;3;ENSAMBLAR;2536;FORMALETA GRAN FORMATO 400 X 600 MM;10,63;2032536;ENSAMBLAR_2536;5
2;MANTENIMIENTO;10;IMPERMEABILIZAR;2536;FORMALETA GRAN FORMATO 400 X 600 MM;10,63;2102536;IMPERMEABILIZAR_2536;1
2;MANTENIMIENTO;11;LIJAR;2536;FORMALETA GRAN FORMATO 400 X 600 MM;10,63;2112536;LIJAR_2536;2,5
2;MANTENIMIENTO;4;LIMPIAR;2536;FORMALETA GRAN FORMATO 400 X 600 MM;10,63;2042536;LIMPIAR_2536;14
2;MANTENIMIENTO;5;LUBRICAR / ENGRASAR;2536;FORMALETA GRAN FORMATO 400 X 600 MM;10,63;2052536;LUBRICAR / ENGRASAR_2536;1
2;MANTENIMIENTO;1;MANTENIMIENTO;2536;FORMALETA GRAN FORMATO 400 X 600 MM;10,63;2012536;MANTENIMIENTO_2536;39,5
2;MANTENIMIENTO;6;MARCAR / PINTAR;2536;FORMALETA GRAN FORMATO 400 X 600 MM;10,63;2062536;MARCAR / PINTAR_2536;4
2;MANTENIMIENTO;12;MASILLAR;2536;FORMALETA GRAN FORMATO 400 X 600 MM;10,63;2122536;MASILLAR_2536;6,5
2;MANTENIMIENTO;2;ENDEREZAR;2532;FORMALETA GRAN FORMATO 500 X 1200 MM;23,11;2022532;ENDEREZAR_2532;8
2;MANTENIMIENTO;3;ENSAMBLAR;2532;FORMALETA GRAN FORMATO 500 X 1200 MM;23,11;2032532;ENSAMBLAR_2532;8
2;MANTENIMIENTO;10;IMPERMEABILIZAR;2532;FORMALETA GRAN FORMATO 500 X 1200 MM;23,11;2102532;IMPERMEABILIZAR_2532;1
2;MANTENIMIENTO;11;LIJAR;2532;FORMALETA GRAN FORMATO 500 X 1200 MM;23,11;2112532;LIJAR_2532;3
2;MANTENIMIENTO;4;LIMPIAR;2532;FORMALETA GRAN FORMATO 500 X 1200 MM;23,11;2042532;LIMPIAR_2532;23
2;MANTENIMIENTO;5;LUBRICAR / ENGRASAR;2532;FORMALETA GRAN FORMATO 500 X 1200 MM;23,11;2052532;LUBRICAR / ENGRASAR_2532;1
2;MANTENIMIENTO;1;MANTENIMIENTO;2532;FORMALETA GRAN FORMATO 500 X 1200 MM;23,11;2012532;MANTENIMIENTO_2532;56
2;MANTENIMIENTO;6;MARCAR / PINTAR;2532;FORMALETA GRAN FORMATO 500 X 1200 MM;23,11;2062532;MARCAR / PINTAR_2532;5
2;MANTENIMIENTO;12;MASILLAR;2532;FORMALETA GRAN FORMATO 500 X 1200 MM;23,11;2122532;MASILLAR_2532;7
2;MANTENIMIENTO;2;ENDEREZAR;1865;FORMALETA GRAN FORMATO 500 X 2400 MM;43,17;2021865;ENDEREZAR_1865;8
2;MANTENIMIENTO;3;ENSAMBLAR;1865;FORMALETA GRAN FORMATO 500 X 2400 MM;43,17;2031865;ENSAMBLAR_1865;8
2;MANTENIMIENTO;10;IMPERMEABILIZAR;1865;FORMALETA GRAN FORMATO 500 X 2400 MM;43,17;2101865;IMPERMEABILIZAR_1865;1,5
2;MANTENIMIENTO;11;LIJAR;1865;FORMALETA GRAN FORMATO 500 X 2400 MM;43,17;2111865;LIJAR_1865;4
2;MANTENIMIENTO;4;LIMPIAR;1865;FORMALETA GRAN FORMATO 500 X 2400 MM;43,17;2041865;LIMPIAR_1865;23,5
2;MANTENIMIENTO;5;LUBRICAR / ENGRASAR;1865;FORMALETA GRAN FORMATO 500 X 2400 MM;43,17;2051865;LUBRICAR / ENGRASAR_1865;2
2;MANTENIMIENTO;1;MANTENIMIENTO;1865;FORMALETA GRAN FORMATO 500 X 2400 MM;43,17;2011865;MANTENIMIENTO_1865;61
2;MANTENIMIENTO;6;MARCAR / PINTAR;1865;FORMALETA GRAN FORMATO 500 X 2400 MM;43,17;2061865;MARCAR / PINTAR_1865;6
2;MANTENIMIENTO;12;MASILLAR;1865;FORMALETA GRAN FORMATO 500 X 2400 MM;43,17;2121865;MASILLAR_1865;8
2;MANTENIMIENTO;2;ENDEREZAR;2575;FORMALETA GRAN FORMATO 500 X 600 MM;11,01;2022575;ENDEREZAR_2575;7
2;MANTENIMIENTO;3;ENSAMBLAR;2575;FORMALETA GRAN FORMATO 500 X 600 MM;11,01;2032575;ENSAMBLAR_2575;5
2;MANTENIMIENTO;10;IMPERMEABILIZAR;2575;FORMALETA GRAN FORMATO 500 X 600 MM;11,01;2102575;IMPERMEABILIZAR_2575;2
2;MANTENIMIENTO;11;LIJAR;2575;FORMALETA GRAN FORMATO 500 X 600 MM;11,01;2112575;LIJAR_2575;3
2;MANTENIMIENTO;4;LIMPIAR;2575;FORMALETA GRAN FORMATO 500 X 600 MM;11,01;2042575;LIMPIAR_2575;14
2;MANTENIMIENTO;5;LUBRICAR / ENGRASAR;2575;FORMALETA GRAN FORMATO 500 X 600 MM;11,01;2052575;LUBRICAR / ENGRASAR_2575;1
2;MANTENIMIENTO;1;MANTENIMIENTO;2575;FORMALETA GRAN FORMATO 500 X 600 MM;11,01;2012575;MANTENIMIENTO_2575;43
2;MANTENIMIENTO;6;MARCAR / PINTAR;2575;FORMALETA GRAN FORMATO 500 X 600 MM;11,01;2062575;MARCAR / PINTAR_2575;4
2;MANTENIMIENTO;12;MASILLAR;2575;FORMALETA GRAN FORMATO 500 X 600 MM;11,01;2122575;MASILLAR_2575;7
2;MANTENIMIENTO;1;MANTENIMIENTO;2973;FORMALETA GRAN FORMATO 500 X 600 MM (FENOLICO-MADERA)|;11;2012973;MANTENIMIENTO_2973;15
2;MANTENIMIENTO;2;ENDEREZAR;2521;FORMALETA GRAN FORMATO 600 X 1200 MM;32;2022521;ENDEREZAR_2521;8
2;MANTENIMIENTO;3;ENSAMBLAR;2521;FORMALETA GRAN FORMATO 600 X 1200 MM;32;2032521;ENSAMBLAR_2521;8
2;MANTENIMIENTO;10;IMPERMEABILIZAR;2521;FORMALETA GRAN FORMATO 600 X 1200 MM;32;2102521;IMPERMEABILIZAR_2521;1
2;MANTENIMIENTO;11;LIJAR;2521;FORMALETA GRAN FORMATO 600 X 1200 MM;32;2112521;LIJAR_2521;3
2;MANTENIMIENTO;4;LIMPIAR;2521;FORMALETA GRAN FORMATO 600 X 1200 MM;32;2042521;LIMPIAR_2521;23
2;MANTENIMIENTO;5;LUBRICAR / ENGRASAR;2521;FORMALETA GRAN FORMATO 600 X 1200 MM;32;2052521;LUBRICAR / ENGRASAR_2521;1
2;MANTENIMIENTO;1;MANTENIMIENTO;2521;FORMALETA GRAN FORMATO 600 X 1200 MM;32;2012521;MANTENIMIENTO_2521;57
2;MANTENIMIENTO;6;MARCAR / PINTAR;2521;FORMALETA GRAN FORMATO 600 X 1200 MM;32;2062521;MARCAR / PINTAR_2521;6
2;MANTENIMIENTO;12;MASILLAR;2521;FORMALETA GRAN FORMATO 600 X 1200 MM;32;2122521;MASILLAR_2521;7
2;MANTENIMIENTO;2;ENDEREZAR;1866;FORMALETA GRAN FORMATO 600 X 2400 MM;50;2021866;ENDEREZAR_1866;8
2;MANTENIMIENTO;3;ENSAMBLAR;1866;FORMALETA GRAN FORMATO 600 X 2400 MM;50;2031866;ENSAMBLAR_1866;9
2;MANTENIMIENTO;10;IMPERMEABILIZAR;1866;FORMALETA GRAN FORMATO 600 X 2400 MM;50;2101866;IMPERMEABILIZAR_1866;1,5
2;MANTENIMIENTO;11;LIJAR;1866;FORMALETA GRAN FORMATO 600 X 2400 MM;50;2111866;LIJAR_1866;4
2;MANTENIMIENTO;4;LIMPIAR;1866;FORMALETA GRAN FORMATO 600 X 2400 MM;50;2041866;LIMPIAR_1866;24
2;MANTENIMIENTO;5;LUBRICAR / ENGRASAR;1866;FORMALETA GRAN FORMATO 600 X 2400 MM;50;2051866;LUBRICAR / ENGRASAR_1866;2
2;MANTENIMIENTO;1;MANTENIMIENTO;1866;FORMALETA GRAN FORMATO 600 X 2400 MM;50;2011866;MANTENIMIENTO_1866;63,5
2;MANTENIMIENTO;6;MARCAR / PINTAR;1866;FORMALETA GRAN FORMATO 600 X 2400 MM;50;2061866;MARCAR / PINTAR_1866;6
2;MANTENIMIENTO;12;MASILLAR;1866;FORMALETA GRAN FORMATO 600 X 2400 MM;50;2121866;MASILLAR_1866;9
2;MANTENIMIENTO;2;ENDEREZAR;2537;FORMALETA GRAN FORMATO 600 X 600 MM;12,33;2022537;ENDEREZAR_2537;7
2;MANTENIMIENTO;3;ENSAMBLAR;2537;FORMALETA GRAN FORMATO 600 X 600 MM;12,33;2032537;ENSAMBLAR_2537;5
2;MANTENIMIENTO;10;IMPERMEABILIZAR;2537;FORMALETA GRAN FORMATO 600 X 600 MM;12,33;2102537;IMPERMEABILIZAR_2537;2
2;MANTENIMIENTO;11;LIJAR;2537;FORMALETA GRAN FORMATO 600 X 600 MM;12,33;2112537;LIJAR_2537;3
2;MANTENIMIENTO;4;LIMPIAR;2537;FORMALETA GRAN FORMATO 600 X 600 MM;12,33;2042537;LIMPIAR_2537;15
2;MANTENIMIENTO;5;LUBRICAR / ENGRASAR;2537;FORMALETA GRAN FORMATO 600 X 600 MM;12,33;2052537;LUBRICAR / ENGRASAR_2537;1
2;MANTENIMIENTO;1;MANTENIMIENTO;2537;FORMALETA GRAN FORMATO 600 X 600 MM;12,33;2012537;MANTENIMIENTO_2537;44
2;MANTENIMIENTO;6;MARCAR / PINTAR;2537;FORMALETA GRAN FORMATO 600 X 600 MM;12,33;2062537;MARCAR / PINTAR_2537;4
2;MANTENIMIENTO;12;MASILLAR;2537;FORMALETA GRAN FORMATO 600 X 600 MM;12,33;2122537;MASILLAR_2537;7
2;MANTENIMIENTO;2;ENDEREZAR;688;FORMALETA METALICA DE 100 X 1200 MM TAPA;6,2;202688;ENDEREZAR_688;5
2;MANTENIMIENTO;4;LIMPIAR;688;FORMALETA METALICA DE 100 X 1200 MM TAPA;6,2;204688;LIMPIAR_688;7
2;MANTENIMIENTO;5;LUBRICAR / ENGRASAR;688;FORMALETA METALICA DE 100 X 1200 MM TAPA;6,2;205688;LUBRICAR / ENGRASAR_688;1
2;MANTENIMIENTO;1;MANTENIMIENTO;688;FORMALETA METALICA DE 100 X 1200 MM TAPA;6,2;201688;MANTENIMIENTO_688;16
2;MANTENIMIENTO;6;MARCAR / PINTAR;688;FORMALETA METALICA DE 100 X 1200 MM TAPA;6,2;206688;MARCAR / PINTAR_688;3
2;MANTENIMIENTO;2;ENDEREZAR;697;FORMALETA METALICA DE 150 X 1200 MM TAPA;7,6;202697;ENDEREZAR_697;5
2;MANTENIMIENTO;4;LIMPIAR;697;FORMALETA METALICA DE 150 X 1200 MM TAPA;7,6;204697;LIMPIAR_697;7
2;MANTENIMIENTO;5;LUBRICAR / ENGRASAR;697;FORMALETA METALICA DE 150 X 1200 MM TAPA;7,6;205697;LUBRICAR / ENGRASAR_697;1
2;MANTENIMIENTO;1;MANTENIMIENTO;697;FORMALETA METALICA DE 150 X 1200 MM TAPA;7,6;201697;MANTENIMIENTO_697;16
2;MANTENIMIENTO;6;MARCAR / PINTAR;697;FORMALETA METALICA DE 150 X 1200 MM TAPA;7,6;206697;MARCAR / PINTAR_697;3
2;MANTENIMIENTO;2;ENDEREZAR;706;FORMALETA METALICA DE 200 X 1200 MM TAPA;9,6;202706;ENDEREZAR_706;5
2;MANTENIMIENTO;4;LIMPIAR;706;FORMALETA METALICA DE 200 X 1200 MM TAPA;9,6;204706;LIMPIAR_706;7
2;MANTENIMIENTO;5;LUBRICAR / ENGRASAR;706;FORMALETA METALICA DE 200 X 1200 MM TAPA;9,6;205706;LUBRICAR / ENGRASAR_706;1
2;MANTENIMIENTO;1;MANTENIMIENTO;706;FORMALETA METALICA DE 200 X 1200 MM TAPA;9,6;201706;MANTENIMIENTO_706;16
2;MANTENIMIENTO;6;MARCAR / PINTAR;706;FORMALETA METALICA DE 200 X 1200 MM TAPA;9,6;206706;MARCAR / PINTAR_706;3
2;MANTENIMIENTO;1;MANTENIMIENTO;705;FORMALETA METALICA DE 200 X 600 MM TAPA;0;201705;MANTENIMIENTO_705;9
2;MANTENIMIENTO;2;ENDEREZAR;713;FORMALETA METALICA DE 250 X 1200 MM TAPA;12,2;202713;ENDEREZAR_713;5
2;MANTENIMIENTO;4;LIMPIAR;713;FORMALETA METALICA DE 250 X 1200 MM TAPA;12,2;204713;LIMPIAR_713;8
2;MANTENIMIENTO;5;LUBRICAR / ENGRASAR;713;FORMALETA METALICA DE 250 X 1200 MM TAPA;12,2;205713;LUBRICAR / ENGRASAR_713;1
2;MANTENIMIENTO;1;MANTENIMIENTO;713;FORMALETA METALICA DE 250 X 1200 MM TAPA;12,2;201713;MANTENIMIENTO_713;17
2;MANTENIMIENTO;6;MARCAR / PINTAR;713;FORMALETA METALICA DE 250 X 1200 MM TAPA;12,2;206713;MARCAR / PINTAR_713;3
2;MANTENIMIENTO;2;ENDEREZAR;722;FORMALETA METALICA DE 300 X 1200 MM TAPA;13,7;202722;ENDEREZAR_722;5
2;MANTENIMIENTO;4;LIMPIAR;722;FORMALETA METALICA DE 300 X 1200 MM TAPA;13,7;204722;LIMPIAR_722;8
2;MANTENIMIENTO;5;LUBRICAR / ENGRASAR;722;FORMALETA METALICA DE 300 X 1200 MM TAPA;13,7;205722;LUBRICAR / ENGRASAR_722;1
2;MANTENIMIENTO;1;MANTENIMIENTO;722;FORMALETA METALICA DE 300 X 1200 MM TAPA;13,7;201722;MANTENIMIENTO_722;17
2;MANTENIMIENTO;6;MARCAR / PINTAR;722;FORMALETA METALICA DE 300 X 1200 MM TAPA;13,7;206722;MARCAR / PINTAR_722;3
2;MANTENIMIENTO;2;ENDEREZAR;731;FORMALETA METALICA DE 350 X 1200 MM TAPA;17,5;202731;ENDEREZAR_731;5
2;MANTENIMIENTO;4;LIMPIAR;731;FORMALETA METALICA DE 350 X 1200 MM TAPA;17,5;204731;LIMPIAR_731;8
2;MANTENIMIENTO;5;LUBRICAR / ENGRASAR;731;FORMALETA METALICA DE 350 X 1200 MM TAPA;17,5;205731;LUBRICAR / ENGRASAR_731;1
2;MANTENIMIENTO;1;MANTENIMIENTO;731;FORMALETA METALICA DE 350 X 1200 MM TAPA;17,5;201731;MANTENIMIENTO_731;17
2;MANTENIMIENTO;6;MARCAR / PINTAR;731;FORMALETA METALICA DE 350 X 1200 MM TAPA;17,5;206731;MARCAR / PINTAR_731;3
2;MANTENIMIENTO;2;ENDEREZAR;736;FORMALETA METALICA DE 400 X 1200 MM TAPA;18,7;202736;ENDEREZAR_736;7,5
2;MANTENIMIENTO;4;LIMPIAR;736;FORMALETA METALICA DE 400 X 1200 MM TAPA;18,7;204736;LIMPIAR_736;10,5
2;MANTENIMIENTO;5;LUBRICAR / ENGRASAR;736;FORMALETA METALICA DE 400 X 1200 MM TAPA;18,7;205736;LUBRICAR / ENGRASAR_736;1,5
2;MANTENIMIENTO;1;MANTENIMIENTO;736;FORMALETA METALICA DE 400 X 1200 MM TAPA;18,7;201736;MANTENIMIENTO_736;23
2;MANTENIMIENTO;6;MARCAR / PINTAR;736;FORMALETA METALICA DE 400 X 1200 MM TAPA;18,7;206736;MARCAR / PINTAR_736;3,5
2;MANTENIMIENTO;2;ENDEREZAR;742;FORMALETA METALICA DE 450 X 1200 MM TAPA;19,7;202742;ENDEREZAR_742;7,5
2;MANTENIMIENTO;4;LIMPIAR;742;FORMALETA METALICA DE 450 X 1200 MM TAPA;19,7;204742;LIMPIAR_742;10,5
2;MANTENIMIENTO;5;LUBRICAR / ENGRASAR;742;FORMALETA METALICA DE 450 X 1200 MM TAPA;19,7;205742;LUBRICAR / ENGRASAR_742;1,5
2;MANTENIMIENTO;1;MANTENIMIENTO;742;FORMALETA METALICA DE 450 X 1200 MM TAPA;19,7;201742;MANTENIMIENTO_742;23
2;MANTENIMIENTO;6;MARCAR / PINTAR;742;FORMALETA METALICA DE 450 X 1200 MM TAPA;19,7;206742;MARCAR / PINTAR_742;3,5
2;MANTENIMIENTO;2;ENDEREZAR;749;FORMALETA METALICA DE 500 X 1200 MM TAPA;21;202749;ENDEREZAR_749;7,5
2;MANTENIMIENTO;4;LIMPIAR;749;FORMALETA METALICA DE 500 X 1200 MM TAPA;21;204749;LIMPIAR_749;10,5
2;MANTENIMIENTO;5;LUBRICAR / ENGRASAR;749;FORMALETA METALICA DE 500 X 1200 MM TAPA;21;205749;LUBRICAR / ENGRASAR_749;1,5
2;MANTENIMIENTO;1;MANTENIMIENTO;749;FORMALETA METALICA DE 500 X 1200 MM TAPA;21;201749;MANTENIMIENTO_749;23
2;MANTENIMIENTO;6;MARCAR / PINTAR;749;FORMALETA METALICA DE 500 X 1200 MM TAPA;21;206749;MARCAR / PINTAR_749;3,5
2;MANTENIMIENTO;2;ENDEREZAR;755;FORMALETA METALICA DE 550 X 1200 MM TAPA;0;202755;ENDEREZAR_755;8
2;MANTENIMIENTO;4;LIMPIAR;755;FORMALETA METALICA DE 550 X 1200 MM TAPA;0;204755;LIMPIAR_755;13
2;MANTENIMIENTO;5;LUBRICAR / ENGRASAR;755;FORMALETA METALICA DE 550 X 1200 MM TAPA;0;205755;LUBRICAR / ENGRASAR_755;2
2;MANTENIMIENTO;1;MANTENIMIENTO;755;FORMALETA METALICA DE 550 X 1200 MM TAPA;0;201755;MANTENIMIENTO_755;27
2;MANTENIMIENTO;6;MARCAR / PINTAR;755;FORMALETA METALICA DE 550 X 1200 MM TAPA;0;206755;MARCAR / PINTAR_755;4
2;MANTENIMIENTO;2;ENDEREZAR;762;FORMALETA METALICA DE 600 X 1200 MM TAPA;26;202762;ENDEREZAR_762;8
2;MANTENIMIENTO;4;LIMPIAR;762;FORMALETA METALICA DE 600 X 1200 MM TAPA;26;204762;LIMPIAR_762;13
2;MANTENIMIENTO;5;LUBRICAR / ENGRASAR;762;FORMALETA METALICA DE 600 X 1200 MM TAPA;26;205762;LUBRICAR / ENGRASAR_762;2
2;MANTENIMIENTO;1;MANTENIMIENTO;762;FORMALETA METALICA DE 600 X 1200 MM TAPA;26;201762;MANTENIMIENTO_762;27
2;MANTENIMIENTO;6;MARCAR / PINTAR;762;FORMALETA METALICA DE 600 X 1200 MM TAPA;26;206762;MARCAR / PINTAR_762;4
2;MANTENIMIENTO;1;MANTENIMIENTO;911;FORMALETA PARA PISO BISEL 0.15 X 0.20 X 2.40 M;0;201911;MANTENIMIENTO_911;25
2;MANTENIMIENTO;1;MANTENIMIENTO;1169;GANCHO  COLGANTE TRADICIONAL;0;2011169;MANTENIMIENTO_1169;1
2;MANTENIMIENTO;1;MANTENIMIENTO;1250;GANCHO HORIZONTAL;1;2011250;MANTENIMIENTO_1250;16,34615385
2;MANTENIMIENTO;1;MANTENIMIENTO;1251;GANCHO HORIZONTAL COLGANTE TRADICIONAL (TORNILLO + CHAPOLA);1;2011251;MANTENIMIENTO_1251;16,34615385
2;MANTENIMIENTO;1;MANTENIMIENTO;1434;GANCHO HORIZONTAL DOBLE  (TORNILLO + CHAPOLA);1;2011434;MANTENIMIENTO_1434;16,35
2;MANTENIMIENTO;1;MANTENIMIENTO;2540;GATO DOBLE ACCION BASE PLANA 2.7 M A 3.3 M GRAN FORMATO;17,9;2012540;MANTENIMIENTO_2540;8
2;MANTENIMIENTO;1;MANTENIMIENTO;445;GATO TENSOR DE 3/8;0;201445;MANTENIMIENTO_445;3
2;MANTENIMIENTO;1;MANTENIMIENTO;1854;GRAPA DE ENSAMBLE CON CUÑA GRAN FORMATO;1,12;2011854;MANTENIMIENTO_1854;2
2;MANTENIMIENTO;1;MANTENIMIENTO;2531;GRAPA TRASLAPO FORMALETA GRAN FORMATO;0,37;2012531;MANTENIMIENTO_2531;1
2;MANTENIMIENTO;1;MANTENIMIENTO;2609;GRILLETE 1/4 TRABAJO PESADO;0;2012609;MANTENIMIENTO_2609;0,75
2;MANTENIMIENTO;1;MANTENIMIENTO;2118;"GRILLETE 3/8"" ANDAMIO COLGANTE";0;2012118;MANTENIMIENTO_2118;0,75
2;MANTENIMIENTO;1;MANTENIMIENTO;1170;"GRILLETE DE 3/8"" PARA ANDAMIO COLGANTE - no usar";0;2011170;MANTENIMIENTO_1170;0,75
2;MANTENIMIENTO;1;MANTENIMIENTO;1702;"GRILLETE TIPO LIRA DE 1/2""";0,05;2011702;MANTENIMIENTO_1702;0,75
2;MANTENIMIENTO;1;MANTENIMIENTO;1596;GUAYA DE PROTECCION ANTILATIGO;0;2011596;MANTENIMIENTO_1596;60
2;MANTENIMIENTO;1;MANTENIMIENTO;594;HERRAMIENTA PARA BARANDA ESCALERA;0;201594;MANTENIMIENTO_594;1
2;MANTENIMIENTO;1;MANTENIMIENTO;358;HIBRIDO ANDAMIO DE CARGA;22;201358;MANTENIMIENTO_358;21,03389831
2;MANTENIMIENTO;1;MANTENIMIENTO;572;HORIZONTAL 0.70 M;4;201572;MANTENIMIENTO_572;5,630662021
2;MANTENIMIENTO;1;MANTENIMIENTO;1686;HORIZONTAL 0.75 M;4;2011686;MANTENIMIENTO_1686;5,630662021
2;MANTENIMIENTO;1;MANTENIMIENTO;3291;HORIZONTAL 1.09 M;0;2013291;MANTENIMIENTO_3291;0,75
2;MANTENIMIENTO;1;MANTENIMIENTO;559;HORIZONTAL 1.40 M;5;201559;MANTENIMIENTO_559;5,630662021
2;MANTENIMIENTO;1;MANTENIMIENTO;604;HORIZONTAL 1.40 M CON ESPIGO;5,5;201604;MANTENIMIENTO_604;5,630662021
2;MANTENIMIENTO;1;MANTENIMIENTO;1374;HORIZONTAL 1.40 M PARA RETAQUE;9;2011374;MANTENIMIENTO_1374;5,630662021
2;MANTENIMIENTO;1;MANTENIMIENTO;606;HORIZONTAL 1.40 M REFORZADA;8,4;201606;MANTENIMIENTO_606;5,630662021
2;MANTENIMIENTO;1;MANTENIMIENTO;2912;HORIZONTAL 2.10 M SUB;6,65;2012912;MANTENIMIENTO_2912;7
2;MANTENIMIENTO;1;MANTENIMIENTO;558;HORIZONTAL 3.00 M;9,7;201558;MANTENIMIENTO_558;9
2;MANTENIMIENTO;1;MANTENIMIENTO;607;HORIZONTAL 3.00 M REFORZADA;19;201607;MANTENIMIENTO_607;11,25
2;MANTENIMIENTO;1;MANTENIMIENTO;952;LAMINA CUBRE BRECHA DE 1.20 X 2.40 M;0;201952;MANTENIMIENTO_952;6
2;MANTENIMIENTO;1;MANTENIMIENTO;2732;LASTRE COLGANTE ELECTRICO - MANUAL (CNTRAPESO);8,2;2012732;MANTENIMIENTO_2732;0
2;MANTENIMIENTO;1;MANTENIMIENTO;3280;LASTRE METALICO 6KL ANDAMIO COLGANTE CERTIFICADO;6;2013280;MANTENIMIENTO_3280;2
2;MANTENIMIENTO;1;MANTENIMIENTO;2716;LLAVE AJUSTE TORNILLO NIVELADOR;0,4;2012716;MANTENIMIENTO_2716;1
2;MANTENIMIENTO;1;MANTENIMIENTO;2628;LOSA ANDECK 3.2 UN NIVEL M² SUMINISTRADO;0;2012628;MANTENIMIENTO_2628;0
2;MANTENIMIENTO;1;MANTENIMIENTO;3002;MARCO ANDAMIO COLGANTE MAMPOSTERO;28;2013002;MANTENIMIENTO_3002;11
2;MANTENIMIENTO;1;MANTENIMIENTO;1649;MATRIZ TABLERO FENOLICO;0;2011649;MANTENIMIENTO_1649;10
2;MANTENIMIENTO;1;MANTENIMIENTO;1684;MECANISMO MANUAL ANDAMIO MAMPOSTERO CERTIFICADO (APAREJO ELEVADOR+BLOQUEO DE SEGURIDAD);11;2011684;MANTENIMIENTO_1684;11
2;MANTENIMIENTO;1;MANTENIMIENTO;1446;MELLIZA;1,5;2011446;MANTENIMIENTO_1446;1
2;MANTENIMIENTO;1;MANTENIMIENTO;1627;MENSULA 1.20 M BORDE DE LOSA;13,3;2011627;MANTENIMIENTO_1627;2
2;MANTENIMIENTO;1;MANTENIMIENTO;605;MENSULA AMD 0.70 M;9;201605;MANTENIMIENTO_605;3
2;MANTENIMIENTO;3;ENSAMBLAR;2485;MENSULA FORMALETA - GRAN FORMATO Y FORMALETA METÁLICA;0;2032485;ENSAMBLAR_2485;2
2;MANTENIMIENTO;4;LIMPIAR;2485;MENSULA FORMALETA - GRAN FORMATO Y FORMALETA METÁLICA;0;2042485;LIMPIAR_2485;2
2;MANTENIMIENTO;1;MANTENIMIENTO;2485;MENSULA FORMALETA - GRAN FORMATO Y FORMALETA METÁLICA;0;2012485;MANTENIMIENTO_2485;2
2;MANTENIMIENTO;1;MANTENIMIENTO;954;MESA METALICA;0;201954;MANTENIMIENTO_954;0
2;MANTENIMIENTO;1;MANTENIMIENTO;953;MOLINETE;71;201953;MANTENIMIENTO_953;79,17
2;MANTENIMIENTO;1;MANTENIMIENTO;1672;MORDAZA PARA COLUMNA;8,05;2011672;MANTENIMIENTO_1672;5,333333333
2;MANTENIMIENTO;1;MANTENIMIENTO;1748;PALANCA APAREJO ELEVADOR MANUAL;4;2011748;MANTENIMIENTO_1748;1
2;MANTENIMIENTO;1;MANTENIMIENTO;2717;PALANCA ARMADO SISTEMA ANDECK;3;2012717;MANTENIMIENTO_2717;1
2;MANTENIMIENTO;1;MANTENIMIENTO;2926;PANEL DE LOSA 100 X 1050 MM;4,23;2012926;MANTENIMIENTO_2926;17
2;MANTENIMIENTO;1;MANTENIMIENTO;2917;PANEL DE LOSA 100 X 900 MM;3,63;2012917;MANTENIMIENTO_2917;16
2;MANTENIMIENTO;1;MANTENIMIENTO;2929;PANEL DE LOSA 150 x 2100 MM;12,69;2012929;MANTENIMIENTO_2929;10
2;MANTENIMIENTO;1;MANTENIMIENTO;2927;PANEL DE LOSA 250 X 900 MM;9,06;2012927;MANTENIMIENTO_2927;19
2;MANTENIMIENTO;1;MANTENIMIENTO;2928;PANEL DE LOSA 300 X 1050 MM;12,69;2012928;MANTENIMIENTO_2928;19
2;MANTENIMIENTO;1;MANTENIMIENTO;2931;PANEL DE LOSA 300 x 2250 MM;27,19;2012931;MANTENIMIENTO_2931;20
2;MANTENIMIENTO;1;MANTENIMIENTO;2930;PANEL DE LOSA 300 x 900 MM;10,88;2012930;MANTENIMIENTO_2930;19
2;MANTENIMIENTO;1;MANTENIMIENTO;2919;PANEL DE LOSA 400 X 900 MM;14,5;2012919;MANTENIMIENTO_2919;23
2;MANTENIMIENTO;1;MANTENIMIENTO;2920;PANEL DE LOSA 420 X 900 MM;15,23;2012920;MANTENIMIENTO_2920;23
2;MANTENIMIENTO;1;MANTENIMIENTO;2933;PANEL DE LOSA 500 x 1200 MM;24,17;2012933;MANTENIMIENTO_2933;23
2;MANTENIMIENTO;1;MANTENIMIENTO;2921;PANEL DE LOSA 500 X 900 MM;18,3;2012921;MANTENIMIENTO_2921;21
2;MANTENIMIENTO;1;MANTENIMIENTO;2922;PANEL DE LOSA 520 X 1200 MM;25,13;2012922;MANTENIMIENTO_2922;25
2;MANTENIMIENTO;1;MANTENIMIENTO;2924;PANEL DE LOSA 550 X 1200 MM;26,58;2012924;MANTENIMIENTO_2924;27
2;MANTENIMIENTO;1;MANTENIMIENTO;2932;PANEL DE LOSA 600 x 1050 MM;25,38;2012932;MANTENIMIENTO_2932;25
2;MANTENIMIENTO;1;MANTENIMIENTO;2934;PANEL DE LOSA 600 x 1200 MM;29;2012934;MANTENIMIENTO_2934;27
2;MANTENIMIENTO;1;MANTENIMIENTO;2925;PANEL DE LOSA 600 X 900 MM;21,75;2012925;MANTENIMIENTO_2925;27
2;MANTENIMIENTO;1;MANTENIMIENTO;2935;PANEL UNI PARA MURO(E/F) 120 x 2100 MM;10,15;2012935;MANTENIMIENTO_2935;16
2;MANTENIMIENTO;1;MANTENIMIENTO;2951;PANEL UNI PARA MURO(E/F) 120 x 2400 MM;11,6;2012951;MANTENIMIENTO_2951;16
2;MANTENIMIENTO;1;MANTENIMIENTO;2936;PANEL UNI PARA MURO(E/F) 150 x 2100 MM;12,69;2012936;MANTENIMIENTO_2936;16
2;MANTENIMIENTO;1;MANTENIMIENTO;2950;PANEL UNI PARA MURO(E/F) 150 x 2250 MM;13,59;2012950;MANTENIMIENTO_2950;16
2;MANTENIMIENTO;1;MANTENIMIENTO;2952;PANEL UNI PARA MURO(E/F) 150 x 2400 MM;14,5;2012952;MANTENIMIENTO_2952;16
2;MANTENIMIENTO;1;MANTENIMIENTO;2937;PANEL UNI PARA MURO(E/F) 220 x 2100 MM;18,61;2012937;MANTENIMIENTO_2937;17
2;MANTENIMIENTO;1;MANTENIMIENTO;2938;PANEL UNI PARA MURO(E/F) 250 x 2100 MM;21,15;2012938;MANTENIMIENTO_2938;20
2;MANTENIMIENTO;1;MANTENIMIENTO;2953;PANEL UNI PARA MURO(E/F) 250 x 2400 MM;24,17;2012953;MANTENIMIENTO_2953;20
2;MANTENIMIENTO;1;MANTENIMIENTO;2939;PANEL UNI PARA MURO(E/F) 270 x 2100 MM;22,84;2012939;MANTENIMIENTO_2939;17
2;MANTENIMIENTO;1;MANTENIMIENTO;2954;PANEL UNI PARA MURO(E/F) 270 x 2400 MM;26,1;2012954;MANTENIMIENTO_2954;20
2;MANTENIMIENTO;1;MANTENIMIENTO;2940;PANEL UNI PARA MURO(E/F) 280 x 2100 MM;23,68;2012940;MANTENIMIENTO_2940;20
2;MANTENIMIENTO;1;MANTENIMIENTO;2941;PANEL UNI PARA MURO(E/F) 290 x 2100 MM;24,53;2012941;MANTENIMIENTO_2941;20
2;MANTENIMIENTO;1;MANTENIMIENTO;2942;PANEL UNI PARA MURO(E/F) 300 x 2100 MM;25,38;2012942;MANTENIMIENTO_2942;20
2;MANTENIMIENTO;1;MANTENIMIENTO;2943;PANEL UNI PARA MURO(E/F) 350 x 2100 MM;29,6;2012943;MANTENIMIENTO_2943;20
2;MANTENIMIENTO;1;MANTENIMIENTO;2955;PANEL UNI PARA MURO(E/F) 350 x 2400 MM;33,83;2012955;MANTENIMIENTO_2955;20
2;MANTENIMIENTO;1;MANTENIMIENTO;2944;PANEL UNI PARA MURO(E/F) 400 x 2100 MM;33,83;2012944;MANTENIMIENTO_2944;27
2;MANTENIMIENTO;1;MANTENIMIENTO;2956;PANEL UNI PARA MURO(E/F) 400 x 2400 MM;38,67;2012956;MANTENIMIENTO_2956;27
2;MANTENIMIENTO;1;MANTENIMIENTO;2945;PANEL UNI PARA MURO(E/F) 450 x 2100 MM;38,06;2012945;MANTENIMIENTO_2945;27
2;MANTENIMIENTO;1;MANTENIMIENTO;2957;PANEL UNI PARA MURO(E/F) 450 x 2400 MM;43,5;2012957;MANTENIMIENTO_2957;27
2;MANTENIMIENTO;1;MANTENIMIENTO;2946;PANEL UNI PARA MURO(E/F) 470 x 2100 MM;39,75;2012946;MANTENIMIENTO_2946;27
2;MANTENIMIENTO;1;MANTENIMIENTO;2947;PANEL UNI PARA MURO(E/F) 480 x 2100 MM;40,6;2012947;MANTENIMIENTO_2947;27
2;MANTENIMIENTO;1;MANTENIMIENTO;2948;PANEL UNI PARA MURO(E/F) 500 x 2100 MM;42,29;2012948;MANTENIMIENTO_2948;33
2;MANTENIMIENTO;1;MANTENIMIENTO;2949;PANEL UNI PARA MURO(E/F) 550 x 2100 MM;46,52;2012949;MANTENIMIENTO_2949;33
2;MANTENIMIENTO;1;MANTENIMIENTO;2958;PANEL UNI PARA MURO(E/F) 550 x 2400 MM;0;2012958;MANTENIMIENTO_2958;33
2;MANTENIMIENTO;1;MANTENIMIENTO;2959;PANEL UNI PARA MURO(E/F) 600 x 2100 MM;50,75;2012959;MANTENIMIENTO_2959;33
2;MANTENIMIENTO;1;MANTENIMIENTO;2960;PANEL UNI PARA MURO(E/F) 600 x 2400 MM;28;2012960;MANTENIMIENTO_2960;33
2;MANTENIMIENTO;1;MANTENIMIENTO;561;PARAL 1.0 M CON ESPIGO;5;201561;MANTENIMIENTO_561;10,14705882
2;MANTENIMIENTO;1;MANTENIMIENTO;560;PARAL 1.0 M SIN ESPIGO;5;201560;MANTENIMIENTO_560;7,955555556
2;MANTENIMIENTO;1;MANTENIMIENTO;576;PARAL 1.5 M CON ESPIGO;7,15;201576;MANTENIMIENTO_576;6,6666
2;MANTENIMIENTO;1;MANTENIMIENTO;575;PARAL 1.5 M SIN ESPIGO;7,2;201575;MANTENIMIENTO_575;3,75
2;MANTENIMIENTO;1;MANTENIMIENTO;562;PARAL 2.0 M CON ESPIGO;9,5;201562;MANTENIMIENTO_562;8,571428571
2;MANTENIMIENTO;1;MANTENIMIENTO;563;PARAL 2.0 M SIN ESPIGO;9;201563;MANTENIMIENTO_563;12,02380952
2;MANTENIMIENTO;1;MANTENIMIENTO;380;PARAL PARA MALLA ATRAPA CAIDA;18;201380;MANTENIMIENTO_380;15,11904762
2;MANTENIMIENTO;1;MANTENIMIENTO;609;PASADOR PARA ANDAMIO MULTIDIRECCIONAL;0;201609;MANTENIMIENTO_609;0,3
2;MANTENIMIENTO;1;MANTENIMIENTO;315;PESCANTE COLGANTE TRADICIONAL;0;201315;MANTENIMIENTO_315;4
2;MANTENIMIENTO;1;MANTENIMIENTO;2733;PESCANTE DE FIJACION COLGANTE AMD Y MAMPOSTERO;18;2012733;MANTENIMIENTO_2733;8
2;MANTENIMIENTO;8;REPARACION;2733;PESCANTE DE FIJACION COLGANTE AMD Y MAMPOSTERO;18;2082733;REPARACION_2733;8
2;MANTENIMIENTO;1;MANTENIMIENTO;1688;PESCANTE DE FIJACIÓN COLGANTE CERTIFICADO;17;2011688;MANTENIMIENTO_1688;8
2;MANTENIMIENTO;1;MANTENIMIENTO;2755;PESCANTE FIJACION ANDAMIO COLGANTE;15;2012755;MANTENIMIENTO_2755;9
2;MANTENIMIENTO;1;MANTENIMIENTO;550;PIN DOBLE PARA FORMALETA METALICA;0,07;201550;MANTENIMIENTO_550;0,375
2;MANTENIMIENTO;1;MANTENIMIENTO;551;PIN SENCILLO PARA FORMALETA METALICA;0,07;201551;MANTENIMIENTO_551;0,38
2;MANTENIMIENTO;1;MANTENIMIENTO;1342;PIVOTE (espigo) PARA PARAL HIBRIDO (TLLO Y TCA SEG);0,6;2011342;MANTENIMIENTO_1342;0,9375
2;MANTENIMIENTO;1;MANTENIMIENTO;1669;PIVOTE ESCUALIZABLE DOBLE PARA TACO METÁLICO;2,62;2011669;MANTENIMIENTO_1669;0,66666
2;MANTENIMIENTO;1;MANTENIMIENTO;1668;PIVOTE ESCUALIZABLE SIMPLE PARA TACO METÁLICO;1,89;2011668;MANTENIMIENTO_1668;0,66666
2;MANTENIMIENTO;1;MANTENIMIENTO;1667;PIVOTE ESCUALIZABLE SIMPLE PARA VIGA 90 X 50 MM;1,56;2011667;MANTENIMIENTO_1667;0,66666
2;MANTENIMIENTO;1;MANTENIMIENTO;592;PIVOTE PARA BARANDA ESCALERA AJUSTADO;0;201592;MANTENIMIENTO_592;0,5
2;MANTENIMIENTO;1;MANTENIMIENTO;586;PLATAFORMA 0.25 X 0.6 M;8,4;201586;MANTENIMIENTO_586;5
2;MANTENIMIENTO;1;MANTENIMIENTO;1258;PLATAFORMA 0.6 X 0.6 M;12;2011258;MANTENIMIENTO_1258;15
2;MANTENIMIENTO;1;MANTENIMIENTO;1653;PLATAFORMA 1.4 X 0.3 M FIJA;12;2011653;MANTENIMIENTO_1653;18
2;MANTENIMIENTO;1;MANTENIMIENTO;585;PLATAFORMA 1.4 X 0.6 M;24;201585;MANTENIMIENTO_585;23
2;MANTENIMIENTO;1;MANTENIMIENTO;588;PLATAFORMA 1.4 X 0.6 M ESCOTILLA;20;201588;MANTENIMIENTO_588;23
2;MANTENIMIENTO;1;MANTENIMIENTO;1652;PLATAFORMA 1.4 X 0.6 M FIJA;24;2011652;MANTENIMIENTO_1652;23
2;MANTENIMIENTO;1;MANTENIMIENTO;2435;PLATAFORMA 1.4 X 0.6 M FIJA ESCOTILLA;24;2012435;MANTENIMIENTO_2435;23
2;MANTENIMIENTO;1;MANTENIMIENTO;2484;PLATAFORMA 2.1 X 0.3 M;11,9;2012484;MANTENIMIENTO_2484;25
2;MANTENIMIENTO;1;MANTENIMIENTO;3208;PLATAFORMA 2.1 X 0.6 M PARA MANPOSTERO;0;2013208;MANTENIMIENTO_3208;28
2;MANTENIMIENTO;1;MANTENIMIENTO;611;PLATAFORMA 3.0 X 0.30 M;17;201611;MANTENIMIENTO_611;28,08
2;MANTENIMIENTO;1;MANTENIMIENTO;2711;PLATAFORMA 3.0 X 0.6 M ESCOTILLA;27;2012711;MANTENIMIENTO_2711;36
2;MANTENIMIENTO;1;MANTENIMIENTO;2493;PLATAFORMA 3.0 X 0.6 M FIJA MAMPOSTERO;0;2012493;MANTENIMIENTO_2493;36
2;MANTENIMIENTO;1;MANTENIMIENTO;2738;PLATINA SEGURIDAD POLE COLGANTE ELECTRICO - MANUAL;0;2012738;MANTENIMIENTO_2738;1
2;MANTENIMIENTO;1;MANTENIMIENTO;1701;POLEA PARA PESCANTE DE ANDAMIO COLGANTE CERTIFICADO;0,5;2011701;MANTENIMIENTO_1701;1
2;MANTENIMIENTO;1;MANTENIMIENTO;603;PUERTA ABATIBLE 0.7 M;5,2;201603;MANTENIMIENTO_603;3
2;MANTENIMIENTO;1;MANTENIMIENTO;669;RINCONERA FORMALETA METALICA 100 X 100 X 1200 MM;9;201669;MANTENIMIENTO_669;31
2;MANTENIMIENTO;1;MANTENIMIENTO;668;RINCONERA FORMALETA METALICA 100 X 100 X 600 MM;4,5;201668;MANTENIMIENTO_668;31
2;MANTENIMIENTO;1;MANTENIMIENTO;670;RINCONERA FORMALETA METALICA 100 X 150 X 1200 MM;9;201670;MANTENIMIENTO_670;31
2;MANTENIMIENTO;1;MANTENIMIENTO;1868;RINCONERA GRAN FORMATO 150 X 150 X 2400 M;23,64;2011868;MANTENIMIENTO_1868;31
2;MANTENIMIENTO;1;MANTENIMIENTO;2538;RINCONERA GRAN FORMATO 150 X 150 X 600 M;6,41;2012538;MANTENIMIENTO_2538;31
2;MANTENIMIENTO;1;MANTENIMIENTO;1253;RODAPIE DE 1.47 MT;0;2011253;MANTENIMIENTO_1253;3
2;MANTENIMIENTO;1;MANTENIMIENTO;1750;RODAPIES METALICO FRONTAL 0.75 M;4;2011750;MANTENIMIENTO_1750;3
2;MANTENIMIENTO;1;MANTENIMIENTO;1749;RODAPIES METALICO FRONTAL 1.40 MT;4;2011749;MANTENIMIENTO_1749;4
2;MANTENIMIENTO;1;MANTENIMIENTO;1677;RODAPIES METALICO LATERAL 3.00 MT;8,38;2011677;MANTENIMIENTO_1677;6
2;MANTENIMIENTO;1;MANTENIMIENTO;1576;"RUEDA 10"" AMD ";4,5;2011576;MANTENIMIENTO_1576;3,3333
2;MANTENIMIENTO;1;MANTENIMIENTO;1614;"RUEDA 10"" AMD BASE COLLAR";4,5;2011614;MANTENIMIENTO_1614;3,3333
2;MANTENIMIENTO;1;MANTENIMIENTO;336;"RUEDA 6"" AMD";4,5;201336;MANTENIMIENTO_336;3,3333
2;MANTENIMIENTO;1;MANTENIMIENTO;334;"RUEDA 6"" ANDAMIO TRADICIONAL";3;201334;MANTENIMIENTO_334;3,3333
2;MANTENIMIENTO;1;MANTENIMIENTO;337;"RUEDA 6"" TORNILLO NIVELADOR";4,5;201337;MANTENIMIENTO_337;3,3333
2;MANTENIMIENTO;1;MANTENIMIENTO;1577;"RUEDA 8"" AMD ";4,5;2011577;MANTENIMIENTO_1577;3,3333
2;MANTENIMIENTO;1;MANTENIMIENTO;1665;"RUEDA 8"" AMD BASE COLLAR";4,5;2011665;MANTENIMIENTO_1665;3,3333
2;MANTENIMIENTO;1;MANTENIMIENTO;335;"RUEDA 8"" AMD TORNILLO NIVELADOR";4,5;201335;MANTENIMIENTO_335;3,3333
2;MANTENIMIENTO;1;MANTENIMIENTO;1801;SOPORTE BORDE DE LOSA;2;2011801;MANTENIMIENTO_1801;0,66666
2;MANTENIMIENTO;1;MANTENIMIENTO;2734;SOPORTE PASANTE PESCANTE +2 TORNILLO + 2 TCA (BASE) COLGANTE ELECTRICO;3;2012734;MANTENIMIENTO_2734;2
2;MANTENIMIENTO;3;ENSAMBLAR;2724;TABLERO DE 0.70 X 1.40 M TABLILLA FENOLICO;17;2032724;ENSAMBLAR_2724;12
2;MANTENIMIENTO;4;LIMPIAR;2724;TABLERO DE 0.70 X 1.40 M TABLILLA FENOLICO;17;2042724;LIMPIAR_2724;6
2;MANTENIMIENTO;1;MANTENIMIENTO;2724;TABLERO DE 0.70 X 1.40 M TABLILLA FENOLICO;17;2012724;MANTENIMIENTO_2724;14
2;MANTENIMIENTO;13;SELECCION;2724;TABLERO DE 0.70 X 1.40 M TABLILLA FENOLICO;17;2132724;SELECCION_2724;1,5
2;MANTENIMIENTO;3;ENSAMBLAR;1073;TABLERO DE MADERA 0.70 X 1.40 M;22,5;2031073;ENSAMBLAR_1073;12,93
2;MANTENIMIENTO;4;LIMPIAR;1073;TABLERO DE MADERA 0.70 X 1.40 M;22,5;2041073;LIMPIAR_1073;6
2;MANTENIMIENTO;1;MANTENIMIENTO;1073;TABLERO DE MADERA 0.70 X 1.40 M;22,5;2011073;MANTENIMIENTO_1073;18,93203444
2;MANTENIMIENTO;13;SELECCION;1073;TABLERO DE MADERA 0.70 X 1.40 M;22,5;2131073;SELECCION_1073;1,5
2;MANTENIMIENTO;1;MANTENIMIENTO;2985;TABLERO ELECTRICO ACCESORIO PARA PLANTA+LLAVE;0;2012985;MANTENIMIENTO_2985;0
2;MANTENIMIENTO;3;ENSAMBLAR;2581;TABLERO FENOLICO 1.20 X 0.30 M;3,05;2032581;ENSAMBLAR_2581;6
2;MANTENIMIENTO;14;LIJAR -LUBRICAR -IMPERMEABILIZAR;2581;TABLERO FENOLICO 1.20 X 0.30 M;3,05;2142581;LIJAR -LUBRICAR -IMPERMEABILIZAR_2581;3,66
2;MANTENIMIENTO;4;LIMPIAR;2581;TABLERO FENOLICO 1.20 X 0.30 M;3,05;2042581;LIMPIAR_2581;5
2;MANTENIMIENTO;1;MANTENIMIENTO;2581;TABLERO FENOLICO 1.20 X 0.30 M;3,05;2012581;MANTENIMIENTO_2581;14,66
2;MANTENIMIENTO;12;MASILLAR;2581;TABLERO FENOLICO 1.20 X 0.30 M;3,05;2122581;MASILLAR_2581;6
2;MANTENIMIENTO;15;RECORTAR;2581;TABLERO FENOLICO 1.20 X 0.30 M;3,05;2152581;RECORTAR_2581;3
2;MANTENIMIENTO;13;SELECCION;2581;TABLERO FENOLICO 1.20 X 0.30 M;3,05;2132581;SELECCION_2581;1
2;MANTENIMIENTO;3;ENSAMBLAR;2468;TABLERO FENOLICO 1.20 X 0.45 M;4,5;2032468;ENSAMBLAR_2468;6
2;MANTENIMIENTO;14;LIJAR -LUBRICAR -IMPERMEABILIZAR;2468;TABLERO FENOLICO 1.20 X 0.45 M;4,5;2142468;LIJAR -LUBRICAR -IMPERMEABILIZAR_2468;3,66
2;MANTENIMIENTO;4;LIMPIAR;2468;TABLERO FENOLICO 1.20 X 0.45 M;4,5;2042468;LIMPIAR_2468;6
2;MANTENIMIENTO;1;MANTENIMIENTO;2468;TABLERO FENOLICO 1.20 X 0.45 M;4,5;2012468;MANTENIMIENTO_2468;17,66
2;MANTENIMIENTO;12;MASILLAR;2468;TABLERO FENOLICO 1.20 X 0.45 M;4,5;2122468;MASILLAR_2468;8
2;MANTENIMIENTO;15;RECORTAR;2468;TABLERO FENOLICO 1.20 X 0.45 M;4,5;2152468;RECORTAR_2468;3
2;MANTENIMIENTO;13;SELECCION;2468;TABLERO FENOLICO 1.20 X 0.45 M;4,5;2132468;SELECCION_2468;1
2;MANTENIMIENTO;3;ENSAMBLAR;1640;TABLERO FENOLICO 1.20 X 0.60 M;6,1;2031640;ENSAMBLAR_1640;6
2;MANTENIMIENTO;14;LIJAR -LUBRICAR -IMPERMEABILIZAR;1640;TABLERO FENOLICO 1.20 X 0.60 M;6,1;2141640;LIJAR -LUBRICAR -IMPERMEABILIZAR_1640;3,66
2;MANTENIMIENTO;4;LIMPIAR;1640;TABLERO FENOLICO 1.20 X 0.60 M;6,1;2041640;LIMPIAR_1640;8
2;MANTENIMIENTO;1;MANTENIMIENTO;1640;TABLERO FENOLICO 1.20 X 0.60 M;6,1;2011640;MANTENIMIENTO_1640;21,65763324
2;MANTENIMIENTO;12;MASILLAR;1640;TABLERO FENOLICO 1.20 X 0.60 M;6,1;2121640;MASILLAR_1640;10
2;MANTENIMIENTO;15;RECORTAR;1640;TABLERO FENOLICO 1.20 X 0.60 M;6,1;2151640;RECORTAR_1640;3
2;MANTENIMIENTO;13;SELECCION;1640;TABLERO FENOLICO 1.20 X 0.60 M;6,1;2131640;SELECCION_1640;1
2;MANTENIMIENTO;1;MANTENIMIENTO;3156;TABLERO FENOLICO 12 MM 0.80X0.40 M ;3;2013156;MANTENIMIENTO_3156;5
2;MANTENIMIENTO;1;MANTENIMIENTO;2887;TABLERO FENOLICO DE 0.60X1.40 M (VIGAS + LARGUEROS);18;2012887;MANTENIMIENTO_2887;6,1
2;MANTENIMIENTO;3;ENSAMBLAR;3214;TABLERO PLASTICO 0.32 X 1.20 M;2,5;2033214;ENSAMBLAR_3214;3
2;MANTENIMIENTO;4;LIMPIAR;3214;TABLERO PLASTICO 0.32 X 1.20 M;2,5;2043214;LIMPIAR_3214;4
2;MANTENIMIENTO;16;LUBRICAR;3214;TABLERO PLASTICO 0.32 X 1.20 M;2,5;2163214;LUBRICAR_3214;1,5
2;MANTENIMIENTO;1;MANTENIMIENTO;3214;TABLERO PLASTICO 0.32 X 1.20 M;2,5;2013214;MANTENIMIENTO_3214;7
2;MANTENIMIENTO;15;RECORTAR;3214;TABLERO PLASTICO 0.32 X 1.20 M;2,5;2153214;RECORTAR_3214;3
2;MANTENIMIENTO;13;SELECCION;3214;TABLERO PLASTICO 0.32 X 1.20 M;2,5;2133214;SELECCION_3214;1
2;MANTENIMIENTO;1;MANTENIMIENTO;1822;TABLERO PLASTICO 1.20 X 0.60 M;4,5;2011822;MANTENIMIENTO_1822;12
2;MANTENIMIENTO;3;ENSAMBLAR;1822;TABLERO PLÀSTICO 1.20 X 0.60 M;4,5;2031822;ENSAMBLAR_1822;5
2;MANTENIMIENTO;4;LIMPIAR;1822;TABLERO PLÀSTICO 1.20 X 0.60 M;4,5;2041822;LIMPIAR_1822;6
2;MANTENIMIENTO;16;LUBRICAR;1822;TABLERO PLÀSTICO 1.20 X 0.60 M;4,5;2161822;LUBRICAR_1822;1
2;MANTENIMIENTO;15;RECORTAR;1822;TABLERO PLÀSTICO 1.20 X 0.60 M;4,5;2151822;RECORTAR_1822;3
2;MANTENIMIENTO;13;SELECCION;1822;TABLERO PLÀSTICO 1.20 X 0.60 M;4,5;2131822;SELECCION_1822;1
2;MANTENIMIENTO;1;MANTENIMIENTO;172;TACO HALADOR DE 3.20 M (2 TUERCAS+1 PASADOR);15,2;201172;MANTENIMIENTO_172;7
2;MANTENIMIENTO;1;MANTENIMIENTO;1775;TACO METALICO DE 1.00 M;9,33;2011775;MANTENIMIENTO_1775;5
2;MANTENIMIENTO;1;MANTENIMIENTO;1079;TACO METALICO DE 1.50 M;10,5;2011079;MANTENIMIENTO_1079;6
2;MANTENIMIENTO;1;MANTENIMIENTO;1080;TACO METALICO DE 2.80 M;13,1;2011080;MANTENIMIENTO_1080;7
2;MANTENIMIENTO;1;MANTENIMIENTO;1081;TACO METALICO DE 3.20 M;14,7;2011081;MANTENIMIENTO_1081;7
2;MANTENIMIENTO;1;MANTENIMIENTO;1083;TACO METALICO DE 3.60 M;16,8;2011083;MANTENIMIENTO_1083;7
2;MANTENIMIENTO;1;MANTENIMIENTO;1084;TACO METALICO DE 4.20 M;17,9;2011084;MANTENIMIENTO_1084;9
2;MANTENIMIENTO;1;MANTENIMIENTO;1085;TACO METALICO DE 5.50 M;22,5;2011085;MANTENIMIENTO_1085;10
2;MANTENIMIENTO;1;MANTENIMIENTO;2697;TAPA CERRAMIENTO 100 X 1200 MM;0;2012697;MANTENIMIENTO_2697;0,75
2;MANTENIMIENTO;1;MANTENIMIENTO;673;TAPA CERRAMIENTO 120 X 1200 MM;0;201673;MANTENIMIENTO_673;0,75
2;MANTENIMIENTO;1;MANTENIMIENTO;674;TAPA CERRAMIENTO 150 X 1200 MM;0;201674;MANTENIMIENTO_674;0,75
2;MANTENIMIENTO;1;MANTENIMIENTO;2519;TAPON FORMALETA GRAN FORMATO;0;2012519;MANTENIMIENTO_2519;0,01
2;MANTENIMIENTO;1;MANTENIMIENTO;361;TELA DE CARGA 0.50 X 1.50 M;7;201361;MANTENIMIENTO_361;6,591672263
2;MANTENIMIENTO;1;MANTENIMIENTO;367;TELA DE CARGA 1.00 X 1.50 M;9,1;201367;MANTENIMIENTO_367;7,842302879
2;MANTENIMIENTO;1;MANTENIMIENTO;369;TELA DE CARGA 1.00 X 1.50 M TERMINAL SUPERIOR;8,7;201369;MANTENIMIENTO_369;7,842302879
2;MANTENIMIENTO;1;MANTENIMIENTO;2966;TENSOR CON CUÑA UNISPAN;0,35;2012966;MANTENIMIENTO_2966;2,76
2;MANTENIMIENTO;1;MANTENIMIENTO;2965;TENSOR CON TORNILLO UNISPAN;0,32;2012965;MANTENIMIENTO_2965;2,76
2;MANTENIMIENTO;1;MANTENIMIENTO;555;TENSOR PARA FORMALETA METALICA;0,63;201555;MANTENIMIENTO_555;2,764273601
2;MANTENIMIENTO;1;MANTENIMIENTO;370;TERMINAL PARA ANDAMIO DE CARGA;2,5;201370;MANTENIMIENTO_370;8,625954198
2;MANTENIMIENTO;1;MANTENIMIENTO;1697;TOPE PARAL ATRAPACAIDAS (+ tllo+turcs+arandelas);2,2;2011697;MANTENIMIENTO_1697;15,18867925
2;MANTENIMIENTO;1;MANTENIMIENTO;2736;"TORNILLO 5/8"" X 5"" + ARANDELA Y TUERCA COLGANTE CERTIFICADO";0,5;2012736;MANTENIMIENTO_2736;1
2;MANTENIMIENTO;1;MANTENIMIENTO;1252;TORNILLO CARRIAGE CON CHAPOLA;0;2011252;MANTENIMIENTO_1252;0,6
2;MANTENIMIENTO;1;MANTENIMIENTO;776;"TORNILLO CON TUERCA Y ARANDELA 3/8"" X 1.1/4""";0;201776;MANTENIMIENTO_776;1
2;MANTENIMIENTO;1;MANTENIMIENTO;371;TORNILLO NIVELADOR BASE PLANA;3,5;201371;MANTENIMIENTO_371;6,282051282
2;MANTENIMIENTO;1;MANTENIMIENTO;343;TORNILLO NIVELADOR CERCHA;3,5;201343;MANTENIMIENTO_343;3,653846154
2;MANTENIMIENTO;1;MANTENIMIENTO;339;TORNILLO NIVELADOR HORQUILLA;4,7;201339;MANTENIMIENTO_339;1,432835821
2;MANTENIMIENTO;1;MANTENIMIENTO;340;TORNILLO NIVELADOR HORQUILLA - ESCUALIZABLE;5;201340;MANTENIMIENTO_340;1,33332
2;MANTENIMIENTO;1;MANTENIMIENTO;614;TORNILLO PARA PIVOTE;0;201614;MANTENIMIENTO_614;1
2;MANTENIMIENTO;1;MANTENIMIENTO;1673;TRIPODE;8;2011673;MANTENIMIENTO_1673;13,475
2;MANTENIMIENTO;1;MANTENIMIENTO;3022;TUBO CUADRADO 10 X 10 PTS 2.00 M;17;2013022;MANTENIMIENTO_3022;4,5
2;MANTENIMIENTO;1;MANTENIMIENTO;372;TUBO CUADRADO 10 X 10 PTS 3.00 M;26,88;201372;MANTENIMIENTO_372;6,6666
2;MANTENIMIENTO;1;MANTENIMIENTO;373;TUBO CUADRADO 10 X 10 PTS 6.00 M;53,76;201373;MANTENIMIENTO_373;8,472222222
2;MANTENIMIENTO;1;MANTENIMIENTO;400;TUBO DALMINE 42 MM X 6.00 M;24;201400;MANTENIMIENTO_400;1,33
2;MANTENIMIENTO;1;MANTENIMIENTO;401;TUBO DALMINE 48 MM X 1.00 M;3,35;201401;MANTENIMIENTO_401;1,33332
2;MANTENIMIENTO;1;MANTENIMIENTO;402;TUBO DALMINE 48 MM X 1.50 M;5,03;201402;MANTENIMIENTO_402;1,33332
2;MANTENIMIENTO;1;MANTENIMIENTO;403;TUBO DALMINE 48 MM X 2.00 M;6,7;201403;MANTENIMIENTO_403;1,33332
2;MANTENIMIENTO;1;MANTENIMIENTO;405;TUBO DALMINE 48 MM X 3.00 M;10,05;201405;MANTENIMIENTO_405;3,3333
2;MANTENIMIENTO;1;MANTENIMIENTO;407;TUBO DALMINE 48 MM X 4.00 M;13,4;201407;MANTENIMIENTO_407;3,3333
2;MANTENIMIENTO;1;MANTENIMIENTO;410;TUBO DALMINE 48 MM X 6.00 M;20,1;201410;MANTENIMIENTO_410;3,3333
2;MANTENIMIENTO;1;MANTENIMIENTO;411;TUBO EMBUJE RUEDA GIRATORIA;0;201411;MANTENIMIENTO_411;3,3333
2;MANTENIMIENTO;1;MANTENIMIENTO;557;TUBO PARA FORMALETA METÁLICA;1;201557;MANTENIMIENTO_557;0,5
2;MANTENIMIENTO;1;MANTENIMIENTO;1853;TUERCA DE ALA FORMALETA GRAN FORMATO;0,6;2011853;MANTENIMIENTO_1853;2
2;MANTENIMIENTO;1;MANTENIMIENTO;2967;TUERCA DE ALA UNISPAN;0,5;2012967;MANTENIMIENTO_2967;2
2;MANTENIMIENTO;1;MANTENIMIENTO;2968;UNION DE LOSA (RINCONERA) 150 x 200 x 1200 MM;19,43;2012968;MANTENIMIENTO_2968;31
2;MANTENIMIENTO;1;MANTENIMIENTO;2961;UNION DE LOSA (RINCONERA) 150 x 200 x 2100 MM;33,83;2012961;MANTENIMIENTO_2961;31
2;MANTENIMIENTO;1;MANTENIMIENTO;2962;UNION DE LOSA (RINCONERA) 150 x 200 x 2400 MM;38,67;2012962;MANTENIMIENTO_2962;31
2;MANTENIMIENTO;1;MANTENIMIENTO;3155;UNION PARA BARANDA  ANCHO 110 CM ARMADO ESCALERA DE 1.40 M A 3.0 M ;1;2013155;MANTENIMIENTO_3155;2
2;MANTENIMIENTO;1;MANTENIMIENTO;1575;UNION PARA BARANDA  ANCHO 85 CM ARMADO ESCALERA DE 1.40 M A 3.0 M ;1,2;2011575;MANTENIMIENTO_1575;2
2;MANTENIMIENTO;1;MANTENIMIENTO;556;UÑA PARA FORMALETA METALICA;1;201556;MANTENIMIENTO_556;0,5
2;MANTENIMIENTO;1;MANTENIMIENTO;1005;UÑA PARA MARTILLO PAVING;0;2011005;MANTENIMIENTO_1005;60
2;MANTENIMIENTO;1;MANTENIMIENTO;449;"VARILLA 5/8""";0;201449;MANTENIMIENTO_449;0,25
2;MANTENIMIENTO;1;MANTENIMIENTO;2831;VARILLA EN L 150 MM FORMALETA GRAN FORMATO;0,02;2012831;MANTENIMIENTO_2831;1
2;MANTENIMIENTO;1;MANTENIMIENTO;2551;VARILLA EN L 250 MM FORMALETA GRAN FORMATO;0,4;2012551;MANTENIMIENTO_2551;1,5
2;MANTENIMIENTO;1;MANTENIMIENTO;2541;VARILLA EN T 150 MM FORMALETA GRAN FORMATO;0,2;2012541;MANTENIMIENTO_2541;1
2;MANTENIMIENTO;1;MANTENIMIENTO;2522;VARILLA EN T 250 MM FORMALETA GRAN FORMATO;0,45;2012522;MANTENIMIENTO_2522;1
2;MANTENIMIENTO;1;MANTENIMIENTO;1847;VARILLA ROSCADA GRAN FORMATO 1000 MM;0,8;2011847;MANTENIMIENTO_1847;3
2;MANTENIMIENTO;1;MANTENIMIENTO;1848;VARILLA ROSCADA GRAN FORMATO 1100 MM;0;2011848;MANTENIMIENTO_1848;3
2;MANTENIMIENTO;1;MANTENIMIENTO;1849;VARILLA ROSCADA GRAN FORMATO 1200 MM;0;2011849;MANTENIMIENTO_1849;3
2;MANTENIMIENTO;1;MANTENIMIENTO;1852;VARILLA ROSCADA GRAN FORMATO 1500 MM;0;2011852;MANTENIMIENTO_1852;7
2;MANTENIMIENTO;1;MANTENIMIENTO;3166;VARILLA ROSCADA GRAN FORMATO 3000 MM;3;2013166;MANTENIMIENTO_3166;7
2;MANTENIMIENTO;1;MANTENIMIENTO;1842;VARILLA ROSCADA GRAN FORMATO 500 MM;0;2011842;MANTENIMIENTO_1842;3
2;MANTENIMIENTO;1;MANTENIMIENTO;1843;VARILLA ROSCADA GRAN FORMATO 600 MM;0;2011843;MANTENIMIENTO_1843;3
2;MANTENIMIENTO;1;MANTENIMIENTO;1845;VARILLA ROSCADA GRAN FORMATO 800 MM;0;2011845;MANTENIMIENTO_1845;3
2;MANTENIMIENTO;1;MANTENIMIENTO;1846;VARILLA ROSCADA GRAN FORMATO 900 MM;0;2011846;MANTENIMIENTO_1846;3
2;MANTENIMIENTO;1;MANTENIMIENTO;1670;VERTICAL PARA BARANDA VIGA 90 X 50 MM;3,4;2011670;MANTENIMIENTO_1670;3,640776699
2;MANTENIMIENTO;1;MANTENIMIENTO;1806;VIGA DE ARRIOSTRAMIENTO 1.90 M;5,2;2011806;MANTENIMIENTO_1806;6
2;MANTENIMIENTO;1;MANTENIMIENTO;1618;VIGA DE ARRIOSTRAMIENTO 2.40 M;6,52;2011618;MANTENIMIENTO_1618;7
2;MANTENIMIENTO;1;MANTENIMIENTO;1666;VIGA DE ARRIOSTRAMIENTO DE CARGA 3.60 M;17,5;2011666;MANTENIMIENTO_1666;7,86
2;MANTENIMIENTO;1;MANTENIMIENTO;1623;VIGA DE CONTACTO CON ACOPLE 1.50 M;12;2011623;MANTENIMIENTO_1623;6,764705882
2;MANTENIMIENTO;1;MANTENIMIENTO;1622;VIGA DE CONTACTO CON ACOPLE 3.00 M;19,5;2011622;MANTENIMIENTO_1622;7,260416667
2;MANTENIMIENTO;1;MANTENIMIENTO;1624;VIGA DE REFUERZO TABLERO FENOLICO 1.2 X 1.20 M;2,6;2011624;MANTENIMIENTO_1624;4,410852713
2;MANTENIMIENTO;1;MANTENIMIENTO;1620;VIGA DE RETAQUE CON ACOPLE 1.50 M;6,9;2011620;MANTENIMIENTO_1620;4,410852713
2;MANTENIMIENTO;1;MANTENIMIENTO;1621;VIGA DE RETAQUE CON ACOPLE 3.00 M;13,3;2011621;MANTENIMIENTO_1621;7,26
2;MANTENIMIENTO;1;MANTENIMIENTO;1619;VIGA DE RETAQUE TRANSVERSAL 1.20 M;1,5;2011619;MANTENIMIENTO_1619;4,410852713
2;MANTENIMIENTO;1;MANTENIMIENTO;1100;VIGA METALICA DE 1.40 M;10,73;2011100;MANTENIMIENTO_1100;12,01
2;MANTENIMIENTO;1;MANTENIMIENTO;1099;VIGA METALICA DE 3.00 M;23;2011099;MANTENIMIENTO_1099;15,36458333
